{
  "v": "5.5.9",
  "fr": 25,
  "ip": 0,
  "op": 41,
  "w": 600,
  "h": 600,
  "nm": "hand_tap_01",
  "ddd": 0,
  "comps": [],
  "layers": [
    {
      "ddd": 0,
      "ind": 1,
      "ty": 3,
      "nm": "GRP 2",
      "sr": 1,
      "ks": {
        "o": { "a": 0, "k": 0, "ix": 11 },
        "r": {
          "a": 1,
          "k": [
            {
              "i": { "x": [0.833], "y": [1] },
              "o": { "x": [0.167], "y": [0] },
              "t": 0,
              "s": [-22.2]
            },
            {
              "i": { "x": [0.833], "y": [1] },
              "o": { "x": [0.167], "y": [0] },
              "t": 7,
              "s": [-34]
            },
            {
              "i": { "x": [0.833], "y": [1] },
              "o": { "x": [0.167], "y": [0] },
              "t": 12,
              "s": [-34]
            },
            { "t": 20, "s": [-22.2] }
          ],
          "ix": 10
        },
        "p": {
          "a": 1,
          "k": [
            {
              "i": { "x": 0.833, "y": 0.835 },
              "o": { "x": 0.167, "y": 0.165 },
              "t": 0,
              "s": [329, 329, 0],
              "to": [-2.333, -25.667, 0],
              "ti": [0, 0, 0]
            },
            {
              "i": { "x": 1, "y": 1 },
              "o": { "x": 0, "y": 0 },
              "t": 7,
              "s": [300, 271, 0],
              "to": [0, 0, 0],
              "ti": [0, 0, 0]
            },
            {
              "i": { "x": 0.833, "y": 0.812 },
              "o": { "x": 0.167, "y": 0.188 },
              "t": 12,
              "s": [300, 271, 0],
              "to": [0, 0, 0],
              "ti": [-2.333, -25.667, 0]
            },
            { "t": 20, "s": [329, 329, 0] }
          ],
          "ix": 2
        },
        "a": { "a": 0, "k": [0, 0, 0], "ix": 1 },
        "s": {
          "a": 1,
          "k": [
            {
              "i": { "x": [0.155, 0.155, 0.155], "y": [1, 1, 1] },
              "o": { "x": [0.606, 0.606, 0.606], "y": [0, 0, 0] },
              "t": 6,
              "s": [100, 100, 100]
            },
            {
              "i": { "x": [0.394, 0.394, 0.394], "y": [1, 1, 1] },
              "o": { "x": [0.845, 0.845, 0.845], "y": [0, 0, 0] },
              "t": 10,
              "s": [95.4, 95.4, 100]
            },
            { "t": 14, "s": [100, 100, 100] }
          ],
          "ix": 6
        }
      },
      "ao": 0,
      "ip": 0,
      "op": 41,
      "st": 0,
      "bm": 0
    },
    {
      "ddd": 0,
      "ind": 2,
      "ty": 4,
      "nm": "hand_tap_01 Outlines",
      "parent": 1,
      "sr": 1,
      "ks": {
        "o": { "a": 0, "k": 100, "ix": 11 },
        "r": { "a": 0, "k": 0, "ix": 10 },
        "p": { "a": 0, "k": [0, 0, 0], "ix": 2 },
        "a": { "a": 0, "k": [163.5, 195, 0], "ix": 1 },
        "s": { "a": 0, "k": [100, 100, 100], "ix": 6 }
      },
      "ao": 0,
      "shapes": [
        {
          "ty": "gr",
          "it": [
            {
              "ind": 0,
              "ty": "sh",
              "ix": 1,
              "ks": {
                "a": 0,
                "k": {
                  "i": [
                    [0, 0],
                    [0, 0],
                    [0, 0],
                    [-2.218, 4.434],
                    [-5.599, 9.287],
                    [0, 0],
                    [0, 6.181],
                    [0, 0],
                    [6.28, 0],
                    [0, -6.28],
                    [0, 0],
                    [6.075, 0],
                    [0, 6.075],
                    [0, 0],
                    [7.006, 0],
                    [0, -7.007],
                    [0, 0],
                    [6.075, 0],
                    [0, 6.075],
                    [0, 0],
                    [6.121, 0],
                    [0, -6.122],
                    [0, 0],
                    [6.076, 0],
                    [0, 6.075],
                    [0, 0],
                    [6.92, 0],
                    [0, -6.92],
                    [0, -0.046],
                    [0, 0],
                    [0, 0],
                    [6.075, 0],
                    [0, 6.075],
                    [0, 0],
                    [22.681, 16.504],
                    [2.581, 1.9],
                    [2.146, -1.951],
                    [-1.536, -2.56],
                    [-3.948, -5.725],
                    [0, -3.832]
                  ],
                  "o": [
                    [0, 0],
                    [0, 0],
                    [-0.012, -3.26],
                    [1.346, -2.691],
                    [0, 0],
                    [3.186, -6.372],
                    [0, 0],
                    [0, -6.28],
                    [-6.281, 0],
                    [0, 0],
                    [0, 6.075],
                    [-6.076, 0],
                    [0, 0],
                    [0, -7.007],
                    [-7.007, 0],
                    [0, 0],
                    [0, 6.075],
                    [-6.076, 0],
                    [0, 0],
                    [0, -6.122],
                    [-6.121, 0],
                    [0, 0],
                    [0, 6.075],
                    [-6.075, 0],
                    [0, 0],
                    [0, -6.92],
                    [-6.919, 0],
                    [0, 0.045],
                    [0, 0],
                    [0, 0],
                    [0, 6.075],
                    [-6.076, 0],
                    [0, 0],
                    [-0.124, -10.353],
                    [-2.27, -1.652],
                    [-5.143, -3.786],
                    [-4.55, 4.14],
                    [2.386, 3.858],
                    [2.547, 3.553],
                    [0, 0]
                  ],
                  "v": [
                    [-27.762, 155.449],
                    [87.104, 155.449],
                    [87.103, 125.557],
                    [89.473, 115.212],
                    [108.984, 82.337],
                    [112.301, 75.701],
                    [116.847, 57.791],
                    [116.847, -40.79],
                    [105.457, -52.18],
                    [94.067, -40.79],
                    [94.067, -5.429],
                    [83.067, 5.571],
                    [72.067, -5.429],
                    [72.067, -60.492],
                    [59.36, -73.198],
                    [46.653, -60.492],
                    [46.653, -19.477],
                    [35.653, -8.477],
                    [24.653, -19.477],
                    [24.653, -74.745],
                    [13.551, -85.846],
                    [2.449, -74.745],
                    [2.449, -19.477],
                    [-8.551, -8.477],
                    [-19.551, -19.477],
                    [-19.551, -142.902],
                    [-32.099, -155.449],
                    [-44.647, -142.902],
                    [-44.648, -142.764],
                    [-44.664, -141.453],
                    [-44.664, 29.693],
                    [-55.664, 40.693],
                    [-66.664, 29.693],
                    [-66.664, 22.951],
                    [-91.023, -6.512],
                    [-98.297, -11.827],
                    [-108.279, -12.377],
                    [-112.744, 2.193],
                    [-31.548, 125.07],
                    [-27.762, 136.047]
                  ],
                  "c": true
                },
                "ix": 2
              },
              "nm": "Path 1",
              "mn": "ADBE Vector Shape - Group",
              "hd": false
            },
            {
              "ind": 1,
              "ty": "sh",
              "ix": 2,
              "ks": {
                "a": 0,
                "k": {
                  "i": [
                    [6.075, 0],
                    [0, 0],
                    [0, 6.075],
                    [0, 0],
                    [1.71, 2.849],
                    [-11.858, 10.79],
                    [-12.564, -9.252],
                    [-2.24, -1.629],
                    [-3.43, -2.665],
                    [0, 0],
                    [-0.001, 0.045],
                    [0, 0],
                    [-19.025, 0],
                    [0, -19.05],
                    [0, 0],
                    [-3.893, 0],
                    [-5.661, -10.151],
                    [-6.122, 0],
                    [-4.605, -13.773],
                    [-4.675, 0],
                    [0, -18.411],
                    [0, 0],
                    [4.75, -9.499],
                    [0, 0],
                    [0.149, -0.248],
                    [1.054, -2.004],
                    [0.005, -0.01],
                    [-0.001, -0.117],
                    [0, 0],
                    [0, 0]
                  ],
                  "o": [
                    [0, 0],
                    [-6.075, 0],
                    [0, 0],
                    [-5.881, -8.653],
                    [-7.239, -12.064],
                    [10.773, -9.801],
                    [2.545, 1.875],
                    [4.176, 3.039],
                    [0, 0],
                    [0, -0.045],
                    [0, 0],
                    [0.039, -19.017],
                    [19.05, 0],
                    [0, 0],
                    [3.472, -1.24],
                    [12.425, 0],
                    [4.998, -2.792],
                    [15.301, 0],
                    [4.043, -1.743],
                    [18.411, 0],
                    [0, 0],
                    [0, 9.691],
                    [0, 0],
                    [-0.13, 0.259],
                    [-8.392, 13.919],
                    [-0.004, 0.01],
                    [0.001, 0.105],
                    [0, 0],
                    [0, 0],
                    [0, 6.075]
                  ],
                  "v": [
                    [98.104, 177.449],
                    [-38.762, 177.449],
                    [-49.762, 166.449],
                    [-49.762, 137.405],
                    [-131.608, 13.513],
                    [-123.085, -28.649],
                    [-85.252, -29.543],
                    [-78.078, -24.301],
                    [-66.664, -15.825],
                    [-66.664, -141.526],
                    [-66.663, -141.661],
                    [-66.647, -142.975],
                    [-32.099, -177.449],
                    [2.449, -142.902],
                    [2.449, -105.932],
                    [13.551, -107.846],
                    [42.485, -90.814],
                    [59.36, -95.198],
                    [92.287, -71.471],
                    [105.457, -74.18],
                    [138.847, -40.79],
                    [138.847, 57.791],
                    [131.979, 85.54],
                    [128.467, 92.563],
                    [128.048, 93.324],
                    [109.114, 125.12],
                    [109.1, 125.15],
                    [109.103, 125.481],
                    [109.104, 126.059],
                    [109.104, 166.449]
                  ],
                  "c": true
                },
                "ix": 2
              },
              "nm": "Path 2",
              "mn": "ADBE Vector Shape - Group",
              "hd": false
            },
            {
              "ty": "mm",
              "mm": 1,
              "nm": "Merge Paths 1",
              "mn": "ADBE Vector Filter - Merge",
              "hd": false
            },
            {
              "ty": "fl",
              "c": { "a": 0, "k": [1, 1, 1, 1], "ix": 4 },
              "o": { "a": 0, "k": 100, "ix": 5 },
              "r": 1,
              "bm": 0,
              "nm": "Fill 1",
              "mn": "ADBE Vector Graphic - Fill",
              "hd": false
            },
            {
              "ty": "tr",
              "p": { "a": 0, "k": [158.835, 196.842], "ix": 2 },
              "a": { "a": 0, "k": [0, 0], "ix": 1 },
              "s": { "a": 0, "k": [100, 100], "ix": 3 },
              "r": { "a": 0, "k": 0, "ix": 6 },
              "o": { "a": 0, "k": 100, "ix": 7 },
              "sk": { "a": 0, "k": 0, "ix": 4 },
              "sa": { "a": 0, "k": 0, "ix": 5 },
              "nm": "Transform"
            }
          ],
          "nm": "Group 1",
          "np": 4,
          "cix": 2,
          "bm": 0,
          "ix": 1,
          "mn": "ADBE Vector Group",
          "hd": false
        },
        {
          "ty": "gr",
          "it": [
            {
              "ind": 0,
              "ty": "sh",
              "ix": 1,
              "ks": {
                "a": 0,
                "k": {
                  "i": [
                    [0, 0],
                    [-12.206, 0],
                    [0, -12.207],
                    [0, 0],
                    [0, 0],
                    [0, 0],
                    [0, 0],
                    [-13.093, 0],
                    [0, -13.093],
                    [0, 0],
                    [0, 0],
                    [0, 0],
                    [0, 0],
                    [-12.366, 0],
                    [0, -12.366],
                    [0, 0],
                    [0, 0],
                    [3.513, -7.024],
                    [0, 0],
                    [1.318, -2.635],
                    [0, -2.525],
                    [0, 0],
                    [0, 0],
                    [0, 0],
                    [1.427, 1.975],
                    [2.036, 3.392],
                    [-22.061, -16.244],
                    [-0.219, -19.318],
                    [0, 0],
                    [0, 0],
                    [0, 0],
                    [-13.006, 0],
                    [0, -13.005],
                    [0, 0],
                    [0, 0],
                    [0, 0]
                  ],
                  "o": [
                    [0, -12.207],
                    [12.206, 0],
                    [0, 0],
                    [0, 0],
                    [0, 0],
                    [0, 0],
                    [0, -13.093],
                    [13.093, 0],
                    [0, 0],
                    [0, 0],
                    [0, 0],
                    [0, 0],
                    [0, -12.366],
                    [12.365, 0],
                    [0, 0],
                    [0, 0],
                    [0, 8.78],
                    [0, 0],
                    [0, 0],
                    [-1.317, 2.634],
                    [0, 0],
                    [0, 0],
                    [0, 0],
                    [0, -1.207],
                    [-1.427, -1.976],
                    [-8.232, -13.72],
                    [26.097, 19.215],
                    [0, 0],
                    [0, 0],
                    [0, 0],
                    [0, -13.005],
                    [13.005, 0],
                    [0, 0],
                    [0, 0],
                    [0, 0],
                    [0, 0]
                  ],
                  "v": [
                    [-7.269, -74.745],
                    [14.833, -96.846],
                    [36.934, -74.745],
                    [36.934, -69.634],
                    [36.934, -19.475],
                    [36.934, -48.123],
                    [36.934, -60.492],
                    [60.641, -84.198],
                    [84.348, -60.492],
                    [84.348, -56.794],
                    [84.348, -5.428],
                    [84.348, -28.915],
                    [84.348, -40.788],
                    [106.738, -63.18],
                    [129.128, -40.788],
                    [129.128, -37.768],
                    [129.128, 57.791],
                    [123.421, 80.621],
                    [119.91, 87.645],
                    [100.591, 120.134],
                    [99.384, 126.06],
                    [99.384, 166.449],
                    [-37.48, 166.449],
                    [-37.48, 136.048],
                    [-39.237, 131.439],
                    [-120.895, 7.854],
                    [-90.493, -20.684],
                    [-54.383, 22.889],
                    [-54.383, 29.694],
                    [-54.383, -141.525],
                    [-54.366, -142.901],
                    [-30.817, -166.449],
                    [-7.269, -142.901],
                    [-7.269, -141.415],
                    [-7.269, -19.475],
                    [-7.269, -70.513]
                  ],
                  "c": false
                },
                "ix": 2
              },
              "nm": "Path 1",
              "mn": "ADBE Vector Shape - Group",
              "hd": false
            },
            {
              "ty": "st",
              "c": { "a": 0, "k": [1, 1, 1, 1], "ix": 3 },
              "o": { "a": 0, "k": 100, "ix": 4 },
              "w": { "a": 0, "k": 22, "ix": 5 },
              "lc": 2,
              "lj": 2,
              "bm": 0,
              "nm": "Stroke 1",
              "mn": "ADBE Vector Graphic - Stroke",
              "hd": false
            },
            {
              "ty": "tr",
              "p": { "a": 0, "k": [157.554, 196.842], "ix": 2 },
              "a": { "a": 0, "k": [0, 0], "ix": 1 },
              "s": { "a": 0, "k": [100, 100], "ix": 3 },
              "r": { "a": 0, "k": 0, "ix": 6 },
              "o": { "a": 0, "k": 100, "ix": 7 },
              "sk": { "a": 0, "k": 0, "ix": 4 },
              "sa": { "a": 0, "k": 0, "ix": 5 },
              "nm": "Transform"
            }
          ],
          "nm": "Group 2",
          "np": 2,
          "cix": 2,
          "bm": 0,
          "ix": 2,
          "mn": "ADBE Vector Group",
          "hd": false
        }
      ],
      "ip": 0,
      "op": 41,
      "st": 0,
      "bm": 0
    },
    {
      "ddd": 0,
      "ind": 3,
      "ty": 4,
      "nm": "hand_tap_01 Outlines 3",
      "parent": 1,
      "td": 1,
      "sr": 1,
      "ks": {
        "o": { "a": 0, "k": 100, "ix": 11 },
        "r": { "a": 0, "k": 0, "ix": 10 },
        "p": { "a": 0, "k": [0, 0, 0], "ix": 2 },
        "a": { "a": 0, "k": [163.5, 195, 0], "ix": 1 },
        "s": { "a": 0, "k": [100, 100, 100], "ix": 6 }
      },
      "ao": 0,
      "shapes": [
        {
          "ty": "gr",
          "it": [
            {
              "ind": 0,
              "ty": "sh",
              "ix": 1,
              "ks": {
                "a": 0,
                "k": {
                  "i": [
                    [0, 0],
                    [-12.206, 0],
                    [0, -12.207],
                    [0, 0],
                    [0, 0],
                    [0, 0],
                    [0, 0],
                    [-13.093, 0],
                    [0, -13.093],
                    [0, 0],
                    [0, 0],
                    [0, 0],
                    [0, 0],
                    [-12.366, 0],
                    [0, -12.366],
                    [0, 0],
                    [0, 0],
                    [3.513, -7.024],
                    [0, 0],
                    [1.318, -2.635],
                    [0, -2.525],
                    [0, 0],
                    [0, 0],
                    [0, 0],
                    [1.427, 1.975],
                    [2.036, 3.392],
                    [-22.061, -16.244],
                    [-0.219, -19.318],
                    [0, 0],
                    [0, 0],
                    [0, 0],
                    [-13.006, 0],
                    [0, -13.005],
                    [0, 0],
                    [0, 0],
                    [0, 0]
                  ],
                  "o": [
                    [0, -12.207],
                    [12.206, 0],
                    [0, 0],
                    [0, 0],
                    [0, 0],
                    [0, 0],
                    [0, -13.093],
                    [13.093, 0],
                    [0, 0],
                    [0, 0],
                    [0, 0],
                    [0, 0],
                    [0, -12.366],
                    [12.365, 0],
                    [0, 0],
                    [0, 0],
                    [0, 8.78],
                    [0, 0],
                    [0, 0],
                    [-1.317, 2.634],
                    [0, 0],
                    [0, 0],
                    [0, 0],
                    [0, -1.207],
                    [-1.427, -1.976],
                    [-8.232, -13.72],
                    [26.097, 19.215],
                    [0, 0],
                    [0, 0],
                    [0, 0],
                    [0, -13.005],
                    [13.005, 0],
                    [0, 0],
                    [0, 0],
                    [0, 0],
                    [0, 0]
                  ],
                  "v": [
                    [-7.269, -74.745],
                    [14.833, -96.846],
                    [36.934, -74.745],
                    [36.934, -69.634],
                    [36.934, -19.475],
                    [36.934, -48.123],
                    [36.934, -60.492],
                    [60.641, -84.198],
                    [84.348, -60.492],
                    [84.348, -56.794],
                    [84.348, -5.428],
                    [84.348, -28.915],
                    [84.348, -40.788],
                    [106.738, -63.18],
                    [129.128, -40.788],
                    [129.128, -37.768],
                    [129.128, 57.791],
                    [123.421, 80.621],
                    [119.91, 87.645],
                    [100.591, 120.134],
                    [99.384, 126.06],
                    [99.384, 166.449],
                    [-37.48, 166.449],
                    [-37.48, 136.048],
                    [-39.237, 131.439],
                    [-120.895, 7.854],
                    [-90.493, -20.684],
                    [-54.383, 22.889],
                    [-54.383, 29.694],
                    [-54.383, -141.525],
                    [-54.366, -142.901],
                    [-30.817, -166.449],
                    [-7.269, -142.901],
                    [-7.269, -141.415],
                    [-7.269, -19.475],
                    [-7.269, -70.513]
                  ],
                  "c": false
                },
                "ix": 2
              },
              "nm": "Path 1",
              "mn": "ADBE Vector Shape - Group",
              "hd": false
            },
            {
              "ty": "fl",
              "c": { "a": 0, "k": [1, 1, 1, 1], "ix": 4 },
              "o": { "a": 0, "k": 100, "ix": 5 },
              "r": 1,
              "bm": 0,
              "nm": "Fill 1",
              "mn": "ADBE Vector Graphic - Fill",
              "hd": false
            },
            {
              "ty": "tr",
              "p": { "a": 0, "k": [157.554, 196.842], "ix": 2 },
              "a": { "a": 0, "k": [0, 0], "ix": 1 },
              "s": { "a": 0, "k": [100, 100], "ix": 3 },
              "r": { "a": 0, "k": 0, "ix": 6 },
              "o": { "a": 0, "k": 100, "ix": 7 },
              "sk": { "a": 0, "k": 0, "ix": 4 },
              "sa": { "a": 0, "k": 0, "ix": 5 },
              "nm": "Transform"
            }
          ],
          "nm": "Group 1",
          "np": 3,
          "cix": 2,
          "bm": 0,
          "ix": 1,
          "mn": "ADBE Vector Group",
          "hd": false
        }
      ],
      "ip": 0,
      "op": 41,
      "st": 0,
      "bm": 0
    },
    {
      "ddd": 0,
      "ind": 4,
      "ty": 4,
      "nm": "Shape Layer 4",
      "tt": 2,
      "sr": 1,
      "ks": {
        "o": {
          "a": 1,
          "k": [
            {
              "i": { "x": [0.813], "y": [1] },
              "o": { "x": [0.606], "y": [0] },
              "t": 11,
              "s": [100]
            },
            { "t": 31, "s": [0] }
          ],
          "ix": 11
        },
        "r": { "a": 0, "k": -34, "ix": 10 },
        "p": { "a": 0, "k": [188.942, 172.516, 0], "ix": 2 },
        "a": { "a": 0, "k": [-37, -143.75, 0], "ix": 1 },
        "s": {
          "a": 1,
          "k": [
            {
              "i": { "x": [0.394, 0.394, 0.394], "y": [1, 1, 1] },
              "o": { "x": [0.606, 0.606, 0.606], "y": [0, 0, 0] },
              "t": 11,
              "s": [35.7, 35.7, 100]
            },
            { "t": 31, "s": [155.5, 155.5, 100] }
          ],
          "ix": 6
        }
      },
      "ao": 0,
      "shapes": [
        {
          "ty": "gr",
          "it": [
            {
              "d": 1,
              "ty": "el",
              "s": { "a": 0, "k": [128.828, 128.828], "ix": 2 },
              "p": { "a": 0, "k": [0, 0], "ix": 3 },
              "nm": "Ellipse Path 1",
              "mn": "ADBE Vector Shape - Ellipse",
              "hd": false
            },
            {
              "ty": "st",
              "c": { "a": 0, "k": [1, 1, 1, 1], "ix": 3 },
              "o": { "a": 0, "k": 100, "ix": 4 },
              "w": {
                "a": 1,
                "k": [
                  {
                    "i": { "x": [0.394], "y": [1] },
                    "o": { "x": [0.606], "y": [0] },
                    "t": 11,
                    "s": [40]
                  },
                  { "t": 31, "s": [10] }
                ],
                "ix": 5
              },
              "lc": 1,
              "lj": 1,
              "ml": 4,
              "bm": 0,
              "nm": "Stroke 1",
              "mn": "ADBE Vector Graphic - Stroke",
              "hd": false
            },
            {
              "ty": "tr",
              "p": { "a": 0, "k": [-37, -143.75], "ix": 2 },
              "a": { "a": 0, "k": [0, 0], "ix": 1 },
              "s": { "a": 0, "k": [100, 100], "ix": 3 },
              "r": { "a": 0, "k": 0, "ix": 6 },
              "o": { "a": 0, "k": 100, "ix": 7 },
              "sk": { "a": 0, "k": 0, "ix": 4 },
              "sa": { "a": 0, "k": 0, "ix": 5 },
              "nm": "Transform"
            }
          ],
          "nm": "Ellipse 1",
          "np": 3,
          "cix": 2,
          "bm": 0,
          "ix": 1,
          "mn": "ADBE Vector Group",
          "hd": false
        }
      ],
      "ip": 7,
      "op": 41,
      "st": 6,
      "bm": 0
    },
    {
      "ddd": 0,
      "ind": 5,
      "ty": 4,
      "nm": "hand_tap_01 Outlines 7",
      "parent": 1,
      "td": 1,
      "sr": 1,
      "ks": {
        "o": { "a": 0, "k": 100, "ix": 11 },
        "r": { "a": 0, "k": 0, "ix": 10 },
        "p": { "a": 0, "k": [0, 0, 0], "ix": 2 },
        "a": { "a": 0, "k": [163.5, 195, 0], "ix": 1 },
        "s": { "a": 0, "k": [100, 100, 100], "ix": 6 }
      },
      "ao": 0,
      "shapes": [
        {
          "ty": "gr",
          "it": [
            {
              "ind": 0,
              "ty": "sh",
              "ix": 1,
              "ks": {
                "a": 0,
                "k": {
                  "i": [
                    [0, 0],
                    [-12.206, 0],
                    [0, -12.207],
                    [0, 0],
                    [0, 0],
                    [0, 0],
                    [0, 0],
                    [-13.093, 0],
                    [0, -13.093],
                    [0, 0],
                    [0, 0],
                    [0, 0],
                    [0, 0],
                    [-12.366, 0],
                    [0, -12.366],
                    [0, 0],
                    [0, 0],
                    [3.513, -7.024],
                    [0, 0],
                    [1.318, -2.635],
                    [0, -2.525],
                    [0, 0],
                    [0, 0],
                    [0, 0],
                    [1.427, 1.975],
                    [2.036, 3.392],
                    [-22.061, -16.244],
                    [-0.219, -19.318],
                    [0, 0],
                    [0, 0],
                    [0, 0],
                    [-13.006, 0],
                    [0, -13.005],
                    [0, 0],
                    [0, 0],
                    [0, 0]
                  ],
                  "o": [
                    [0, -12.207],
                    [12.206, 0],
                    [0, 0],
                    [0, 0],
                    [0, 0],
                    [0, 0],
                    [0, -13.093],
                    [13.093, 0],
                    [0, 0],
                    [0, 0],
                    [0, 0],
                    [0, 0],
                    [0, -12.366],
                    [12.365, 0],
                    [0, 0],
                    [0, 0],
                    [0, 8.78],
                    [0, 0],
                    [0, 0],
                    [-1.317, 2.634],
                    [0, 0],
                    [0, 0],
                    [0, 0],
                    [0, -1.207],
                    [-1.427, -1.976],
                    [-8.232, -13.72],
                    [26.097, 19.215],
                    [0, 0],
                    [0, 0],
                    [0, 0],
                    [0, -13.005],
                    [13.005, 0],
                    [0, 0],
                    [0, 0],
                    [0, 0],
                    [0, 0]
                  ],
                  "v": [
                    [-7.269, -74.745],
                    [14.833, -96.846],
                    [36.934, -74.745],
                    [36.934, -69.634],
                    [36.934, -19.475],
                    [36.934, -48.123],
                    [36.934, -60.492],
                    [60.641, -84.198],
                    [84.348, -60.492],
                    [84.348, -56.794],
                    [84.348, -5.428],
                    [84.348, -28.915],
                    [84.348, -40.788],
                    [106.738, -63.18],
                    [129.128, -40.788],
                    [129.128, -37.768],
                    [129.128, 57.791],
                    [123.421, 80.621],
                    [119.91, 87.645],
                    [100.591, 120.134],
                    [99.384, 126.06],
                    [99.384, 166.449],
                    [-37.48, 166.449],
                    [-37.48, 136.048],
                    [-39.237, 131.439],
                    [-120.895, 7.854],
                    [-90.493, -20.684],
                    [-54.383, 22.889],
                    [-54.383, 29.694],
                    [-54.383, -141.525],
                    [-54.366, -142.901],
                    [-30.817, -166.449],
                    [-7.269, -142.901],
                    [-7.269, -141.415],
                    [-7.269, -19.475],
                    [-7.269, -70.513]
                  ],
                  "c": false
                },
                "ix": 2
              },
              "nm": "Path 1",
              "mn": "ADBE Vector Shape - Group",
              "hd": false
            },
            {
              "ty": "fl",
              "c": { "a": 0, "k": [1, 1, 1, 1], "ix": 4 },
              "o": { "a": 0, "k": 100, "ix": 5 },
              "r": 1,
              "bm": 0,
              "nm": "Fill 1",
              "mn": "ADBE Vector Graphic - Fill",
              "hd": false
            },
            {
              "ty": "tr",
              "p": { "a": 0, "k": [157.554, 196.842], "ix": 2 },
              "a": { "a": 0, "k": [0, 0], "ix": 1 },
              "s": { "a": 0, "k": [100, 100], "ix": 3 },
              "r": { "a": 0, "k": 0, "ix": 6 },
              "o": { "a": 0, "k": 100, "ix": 7 },
              "sk": { "a": 0, "k": 0, "ix": 4 },
              "sa": { "a": 0, "k": 0, "ix": 5 },
              "nm": "Transform"
            }
          ],
          "nm": "Group 1",
          "np": 3,
          "cix": 2,
          "bm": 0,
          "ix": 1,
          "mn": "ADBE Vector Group",
          "hd": false
        }
      ],
      "ip": 0,
      "op": 41,
      "st": 0,
      "bm": 0
    },
    {
      "ddd": 0,
      "ind": 6,
      "ty": 4,
      "nm": "Shape Layer 3",
      "tt": 2,
      "sr": 1,
      "ks": {
        "o": {
          "a": 1,
          "k": [
            {
              "i": { "x": [0.813], "y": [1] },
              "o": { "x": [0.606], "y": [0] },
              "t": 5,
              "s": [100]
            },
            { "t": 25, "s": [0] }
          ],
          "ix": 11
        },
        "r": { "a": 0, "k": -34, "ix": 10 },
        "p": { "a": 0, "k": [188.942, 172.516, 0], "ix": 2 },
        "a": { "a": 0, "k": [-37, -143.75, 0], "ix": 1 },
        "s": {
          "a": 1,
          "k": [
            {
              "i": { "x": [0.394, 0.394, 0.394], "y": [1, 1, 1] },
              "o": { "x": [0.606, 0.606, 0.606], "y": [0, 0, 0] },
              "t": 5,
              "s": [35.7, 35.7, 100]
            },
            { "t": 25, "s": [155.5, 155.5, 100] }
          ],
          "ix": 6
        }
      },
      "ao": 0,
      "shapes": [
        {
          "ty": "gr",
          "it": [
            {
              "d": 1,
              "ty": "el",
              "s": { "a": 0, "k": [128.828, 128.828], "ix": 2 },
              "p": { "a": 0, "k": [0, 0], "ix": 3 },
              "nm": "Ellipse Path 1",
              "mn": "ADBE Vector Shape - Ellipse",
              "hd": false
            },
            {
              "ty": "st",
              "c": { "a": 0, "k": [1, 1, 1, 1], "ix": 3 },
              "o": { "a": 0, "k": 100, "ix": 4 },
              "w": {
                "a": 1,
                "k": [
                  {
                    "i": { "x": [0.394], "y": [1] },
                    "o": { "x": [0.606], "y": [0] },
                    "t": 5,
                    "s": [40]
                  },
                  { "t": 25, "s": [10] }
                ],
                "ix": 5
              },
              "lc": 1,
              "lj": 1,
              "ml": 4,
              "bm": 0,
              "nm": "Stroke 1",
              "mn": "ADBE Vector Graphic - Stroke",
              "hd": false
            },
            {
              "ty": "tr",
              "p": { "a": 0, "k": [-37, -143.75], "ix": 2 },
              "a": { "a": 0, "k": [0, 0], "ix": 1 },
              "s": { "a": 0, "k": [100, 100], "ix": 3 },
              "r": { "a": 0, "k": 0, "ix": 6 },
              "o": { "a": 0, "k": 100, "ix": 7 },
              "sk": { "a": 0, "k": 0, "ix": 4 },
              "sa": { "a": 0, "k": 0, "ix": 5 },
              "nm": "Transform"
            }
          ],
          "nm": "Ellipse 1",
          "np": 3,
          "cix": 2,
          "bm": 0,
          "ix": 1,
          "mn": "ADBE Vector Group",
          "hd": false
        }
      ],
      "ip": 7,
      "op": 41,
      "st": 0,
      "bm": 0
    }
  ],
  "markers": [],
  "assets": []
}
