{"v":"4.8.0","meta":{"g":"LottieFiles AE 1.1.0","a":"","k":"","d":"","tc":""},"fr":29.9700012207031,"ip":0,"op":120.0000048877,"w":216,"h":128,"nm":"nointernet","ddd":0,"assets":[],"layers":[{"ddd":0,"ind":1,"ty":4,"nm":"z Outlines 3","sr":1,"ks":{"o":{"a":0,"k":100,"ix":11},"r":{"a":1,"k":[{"i":{"x":[0.667],"y":[1]},"o":{"x":[0.333],"y":[0]},"t":60,"s":[0]},{"t":120.0000048877,"s":[15]}],"ix":10},"p":{"a":1,"k":[{"i":{"x":0.667,"y":0.94},"o":{"x":0.333,"y":0},"t":60,"s":[49.875,54.875,0],"to":[-1.444,-1.114,0],"ti":[1.883,1.652,0]},{"t":120.0000048877,"s":[27.673,32.164,0]}],"ix":2},"a":{"a":0,"k":[21.125,22.75,0],"ix":1},"s":{"a":1,"k":[{"i":{"x":[0.667,0.667,0.667],"y":[1,1,1]},"o":{"x":[0.333,0.333,0.333],"y":[0,0,0]},"t":60,"s":[0,0,100]},{"i":{"x":[0.667,0.667,0.667],"y":[1,1,1]},"o":{"x":[0.333,0.333,0.333],"y":[0,0,0]},"t":90,"s":[70,70,100]},{"t":120.0000048877,"s":[0,0,100]}],"ix":6}},"ao":0,"shapes":[{"ty":"gr","it":[{"ind":0,"ty":"sh","ix":1,"ks":{"a":0,"k":{"i":[[0,0],[0,0],[0,0],[0,0],[0,0],[0,0],[0,0],[0,0],[0,0],[0,0]],"o":[[0,0],[0,0],[0,0],[0,0],[0,0],[0,0],[0,0],[0,0],[0,0],[0,0]],"v":[[-0.615,-17.805],[-0.615,-15.018],[-12.818,-0.029],[-0.322,-0.029],[-0.322,3.139],[-17.482,3.139],[-17.482,0.146],[-5.279,-14.637],[-16.542,-14.637],[-16.542,-17.805]],"c":true},"ix":2},"nm":"Path 1","mn":"ADBE Vector Shape - Group","hd":false},{"ty":"mm","mm":1,"nm":"Merge Paths 1","mn":"ADBE Vector Filter - Merge","hd":false},{"ty":"fl","c":{"a":0,"k":[0.698039215686,0.698039215686,0.698039215686,1],"ix":4},"o":{"a":0,"k":100,"ix":5},"r":1,"bm":0,"nm":"Fill 1","mn":"ADBE Vector Graphic - Fill","hd":false},{"ty":"tr","p":{"a":0,"k":[30.156,30.195],"ix":2},"a":{"a":0,"k":[0,0],"ix":1},"s":{"a":0,"k":[100,100],"ix":3},"r":{"a":0,"k":0,"ix":6},"o":{"a":0,"k":100,"ix":7},"sk":{"a":0,"k":0,"ix":4},"sa":{"a":0,"k":0,"ix":5},"nm":"Transform"}],"nm":"Group 1","np":3,"cix":2,"bm":0,"ix":1,"mn":"ADBE Vector Group","hd":false}],"ip":60.0000024438501,"op":120.0000048877,"st":60.0000024438501,"bm":0},{"ddd":0,"ind":2,"ty":4,"nm":"z Outlines 2","sr":1,"ks":{"o":{"a":0,"k":100,"ix":11},"r":{"a":1,"k":[{"i":{"x":[0.667],"y":[1]},"o":{"x":[0.333],"y":[0]},"t":30,"s":[0]},{"t":90.0000036657751,"s":[15]}],"ix":10},"p":{"a":1,"k":[{"i":{"x":0.667,"y":0.94},"o":{"x":0.333,"y":0},"t":30,"s":[49.875,54.875,0],"to":[-1.444,-1.114,0],"ti":[1.883,1.652,0]},{"t":90.0000036657751,"s":[27.673,32.164,0]}],"ix":2},"a":{"a":0,"k":[21.125,22.75,0],"ix":1},"s":{"a":1,"k":[{"i":{"x":[0.667,0.667,0.667],"y":[1,1,1]},"o":{"x":[0.333,0.333,0.333],"y":[0,0,0]},"t":30,"s":[0,0,100]},{"i":{"x":[0.667,0.667,0.667],"y":[1,1,1]},"o":{"x":[0.333,0.333,0.333],"y":[0,0,0]},"t":60,"s":[70,70,100]},{"t":90.0000036657751,"s":[0,0,100]}],"ix":6}},"ao":0,"shapes":[{"ty":"gr","it":[{"ind":0,"ty":"sh","ix":1,"ks":{"a":0,"k":{"i":[[0,0],[0,0],[0,0],[0,0],[0,0],[0,0],[0,0],[0,0],[0,0],[0,0]],"o":[[0,0],[0,0],[0,0],[0,0],[0,0],[0,0],[0,0],[0,0],[0,0],[0,0]],"v":[[-0.615,-17.805],[-0.615,-15.018],[-12.818,-0.029],[-0.322,-0.029],[-0.322,3.139],[-17.482,3.139],[-17.482,0.146],[-5.279,-14.637],[-16.542,-14.637],[-16.542,-17.805]],"c":true},"ix":2},"nm":"Path 1","mn":"ADBE Vector Shape - Group","hd":false},{"ty":"mm","mm":1,"nm":"Merge Paths 1","mn":"ADBE Vector Filter - Merge","hd":false},{"ty":"fl","c":{"a":0,"k":[0.698039215686,0.698039215686,0.698039215686,1],"ix":4},"o":{"a":0,"k":100,"ix":5},"r":1,"bm":0,"nm":"Fill 1","mn":"ADBE Vector Graphic - Fill","hd":false},{"ty":"tr","p":{"a":0,"k":[30.156,30.195],"ix":2},"a":{"a":0,"k":[0,0],"ix":1},"s":{"a":0,"k":[100,100],"ix":3},"r":{"a":0,"k":0,"ix":6},"o":{"a":0,"k":100,"ix":7},"sk":{"a":0,"k":0,"ix":4},"sa":{"a":0,"k":0,"ix":5},"nm":"Transform"}],"nm":"Group 1","np":3,"cix":2,"bm":0,"ix":1,"mn":"ADBE Vector Group","hd":false}],"ip":30.0000012219251,"op":90.0000036657752,"st":30.0000012219251,"bm":0},{"ddd":0,"ind":3,"ty":4,"nm":"z Outlines","sr":1,"ks":{"o":{"a":0,"k":100,"ix":11},"r":{"a":1,"k":[{"i":{"x":[0.667],"y":[1]},"o":{"x":[0.333],"y":[0]},"t":0,"s":[0]},{"t":60.0000024438501,"s":[15]}],"ix":10},"p":{"a":1,"k":[{"i":{"x":0.667,"y":0.94},"o":{"x":0.333,"y":0},"t":0,"s":[49.875,54.875,0],"to":[-1.444,-1.114,0],"ti":[1.883,1.652,0]},{"t":60.0000024438501,"s":[27.673,32.164,0]}],"ix":2},"a":{"a":0,"k":[21.125,22.75,0],"ix":1},"s":{"a":1,"k":[{"i":{"x":[0.667,0.667,0.667],"y":[1,1,1]},"o":{"x":[0.333,0.333,0.333],"y":[0,0,0]},"t":0,"s":[0,0,100]},{"i":{"x":[0.667,0.667,0.667],"y":[1,1,1]},"o":{"x":[0.333,0.333,0.333],"y":[0,0,0]},"t":30,"s":[70,70,100]},{"t":60.0000024438501,"s":[0,0,100]}],"ix":6}},"ao":0,"shapes":[{"ty":"gr","it":[{"ind":0,"ty":"sh","ix":1,"ks":{"a":0,"k":{"i":[[0,0],[0,0],[0,0],[0,0],[0,0],[0,0],[0,0],[0,0],[0,0],[0,0]],"o":[[0,0],[0,0],[0,0],[0,0],[0,0],[0,0],[0,0],[0,0],[0,0],[0,0]],"v":[[-0.615,-17.805],[-0.615,-15.018],[-12.818,-0.029],[-0.322,-0.029],[-0.322,3.139],[-17.482,3.139],[-17.482,0.146],[-5.279,-14.637],[-16.542,-14.637],[-16.542,-17.805]],"c":true},"ix":2},"nm":"Path 1","mn":"ADBE Vector Shape - Group","hd":false},{"ty":"mm","mm":1,"nm":"Merge Paths 1","mn":"ADBE Vector Filter - Merge","hd":false},{"ty":"fl","c":{"a":0,"k":[0.698039215686,0.698039215686,0.698039215686,1],"ix":4},"o":{"a":0,"k":100,"ix":5},"r":1,"bm":0,"nm":"Fill 1","mn":"ADBE Vector Graphic - Fill","hd":false},{"ty":"tr","p":{"a":0,"k":[30.156,30.195],"ix":2},"a":{"a":0,"k":[0,0],"ix":1},"s":{"a":0,"k":[100,100],"ix":3},"r":{"a":0,"k":0,"ix":6},"o":{"a":0,"k":100,"ix":7},"sk":{"a":0,"k":0,"ix":4},"sa":{"a":0,"k":0,"ix":5},"nm":"Transform"}],"nm":"Group 1","np":3,"cix":2,"bm":0,"ix":1,"mn":"ADBE Vector Group","hd":false}],"ip":0,"op":60.0000024438501,"st":0,"bm":0},{"ddd":0,"ind":4,"ty":4,"nm":"mouth Outlines 2","sr":1,"ks":{"o":{"a":0,"k":100,"ix":11},"r":{"a":0,"k":0,"ix":10},"p":{"a":0,"k":[108,64,0],"ix":2},"a":{"a":0,"k":[108,64,0],"ix":1},"s":{"a":0,"k":[100,100,100],"ix":6}},"ao":0,"shapes":[{"ty":"gr","it":[{"ind":0,"ty":"sh","ix":1,"ks":{"a":0,"k":{"i":[[0,0],[0,0]],"o":[[0,0],[0,0]],"v":[[105,92],[124.333,92]],"c":false},"ix":2},"nm":"Path 1","mn":"ADBE Vector Shape - Group","hd":false},{"ty":"st","c":{"a":0,"k":[0.850980451995,0.850980451995,0.850980451995,1],"ix":3},"o":{"a":0,"k":100,"ix":4},"w":{"a":0,"k":3.333,"ix":5},"lc":2,"lj":1,"ml":4,"bm":0,"nm":"Stroke 1","mn":"ADBE Vector Graphic - Stroke","hd":false},{"ty":"tr","p":{"a":0,"k":[0,0],"ix":2},"a":{"a":0,"k":[0,0],"ix":1},"s":{"a":0,"k":[100,100],"ix":3},"r":{"a":0,"k":0,"ix":6},"o":{"a":0,"k":100,"ix":7},"sk":{"a":0,"k":0,"ix":4},"sa":{"a":0,"k":0,"ix":5},"nm":"Transform"}],"nm":"Group 1","np":2,"cix":2,"bm":0,"ix":1,"mn":"ADBE Vector Group","hd":false}],"ip":60.0000024438501,"op":120.0000048877,"st":60.0000024438501,"bm":0},{"ddd":0,"ind":5,"ty":4,"nm":"right eye Outlines 2","sr":1,"ks":{"o":{"a":0,"k":100,"ix":11},"r":{"a":0,"k":0,"ix":10},"p":{"a":1,"k":[{"i":{"x":0.667,"y":1},"o":{"x":0.333,"y":0},"t":60,"s":[108,67,0],"to":[0,0,0],"ti":[0,0,0]},{"i":{"x":0.667,"y":0.974},"o":{"x":0.333,"y":0},"t":90,"s":[108,62,0],"to":[0,0,0],"ti":[0,0,0]},{"t":120.0000048877,"s":[108,67,0]}],"ix":2},"a":{"a":0,"k":[108,64,0],"ix":1},"s":{"a":0,"k":[100,100,100],"ix":6}},"ao":0,"shapes":[{"ty":"gr","it":[{"ind":0,"ty":"sh","ix":1,"ks":{"a":0,"k":{"i":[[0,0],[-5.154,0],[0,5.155]],"o":[[0,5.155],[5.155,0],[0,0]],"v":[[-9.333,-4.667],[-0.001,4.667],[9.333,-4.667]],"c":false},"ix":2},"nm":"Path 1","mn":"ADBE Vector Shape - Group","hd":false},{"ty":"st","c":{"a":0,"k":[0.850980451995,0.850980451995,0.850980451995,1],"ix":3},"o":{"a":0,"k":100,"ix":4},"w":{"a":0,"k":3.333,"ix":5},"lc":2,"lj":1,"ml":4,"bm":0,"nm":"Stroke 1","mn":"ADBE Vector Graphic - Stroke","hd":false},{"ty":"tr","p":{"a":0,"k":[134.333,71.333],"ix":2},"a":{"a":0,"k":[0,0],"ix":1},"s":{"a":0,"k":[100,100],"ix":3},"r":{"a":0,"k":0,"ix":6},"o":{"a":0,"k":100,"ix":7},"sk":{"a":0,"k":0,"ix":4},"sa":{"a":0,"k":0,"ix":5},"nm":"Transform"}],"nm":"Group 1","np":2,"cix":2,"bm":0,"ix":1,"mn":"ADBE Vector Group","hd":false}],"ip":60.0000024438501,"op":120.0000048877,"st":60.0000024438501,"bm":0},{"ddd":0,"ind":6,"ty":4,"nm":"left eye Outlines 2","sr":1,"ks":{"o":{"a":0,"k":100,"ix":11},"r":{"a":0,"k":0,"ix":10},"p":{"a":1,"k":[{"i":{"x":0.667,"y":1},"o":{"x":0.333,"y":0},"t":60,"s":[108,67,0],"to":[0,0,0],"ti":[0,0,0]},{"i":{"x":0.667,"y":0.974},"o":{"x":0.333,"y":0},"t":90,"s":[108,62,0],"to":[0,0,0],"ti":[0,0,0]},{"t":120.0000048877,"s":[108,67,0]}],"ix":2},"a":{"a":0,"k":[108,64,0],"ix":1},"s":{"a":0,"k":[100,100,100],"ix":6}},"ao":0,"shapes":[{"ty":"gr","it":[{"ind":0,"ty":"sh","ix":1,"ks":{"a":0,"k":{"i":[[0,0],[-5.154,0],[0,5.155]],"o":[[0,5.155],[5.155,0],[0,0]],"v":[[-9.333,-4.667],[-0.001,4.667],[9.334,-4.667]],"c":false},"ix":2},"nm":"Path 1","mn":"ADBE Vector Shape - Group","hd":false},{"ty":"st","c":{"a":0,"k":[0.850980451995,0.850980451995,0.850980451995,1],"ix":3},"o":{"a":0,"k":100,"ix":4},"w":{"a":0,"k":3.333,"ix":5},"lc":2,"lj":1,"ml":4,"bm":0,"nm":"Stroke 1","mn":"ADBE Vector Graphic - Stroke","hd":false},{"ty":"tr","p":{"a":0,"k":[95.667,71.333],"ix":2},"a":{"a":0,"k":[0,0],"ix":1},"s":{"a":0,"k":[100,100],"ix":3},"r":{"a":0,"k":0,"ix":6},"o":{"a":0,"k":100,"ix":7},"sk":{"a":0,"k":0,"ix":4},"sa":{"a":0,"k":0,"ix":5},"nm":"Transform"}],"nm":"Group 1","np":2,"cix":2,"bm":0,"ix":1,"mn":"ADBE Vector Group","hd":false}],"ip":60.0000024438501,"op":120.0000048877,"st":60.0000024438501,"bm":0},{"ddd":0,"ind":7,"ty":4,"nm":"arc Outlines 2","sr":1,"ks":{"o":{"a":0,"k":100,"ix":11},"r":{"a":0,"k":0,"ix":10},"p":{"a":0,"k":[108,64,0],"ix":2},"a":{"a":0,"k":[108,64,0],"ix":1},"s":{"a":0,"k":[100,100,100],"ix":6}},"ao":0,"shapes":[{"ty":"gr","it":[{"ind":0,"ty":"sh","ix":1,"ks":{"a":0,"k":{"i":[[0,0],[-2.389,-8.64]],"o":[[8.679,2.297],[0,0]],"v":[[-8.96,-8.862],[8.96,8.862]],"c":false},"ix":2},"nm":"Path 1","mn":"ADBE Vector Shape - Group","hd":false},{"ty":"st","c":{"a":0,"k":[0.850980451995,0.850980451995,0.850980451995,1],"ix":3},"o":{"a":0,"k":100,"ix":4},"w":{"a":0,"k":3.333,"ix":5},"lc":2,"lj":1,"ml":4,"bm":0,"nm":"Stroke 1","mn":"ADBE Vector Graphic - Stroke","hd":false},{"ty":"tr","p":{"a":0,"k":[128.96,30.862],"ix":2},"a":{"a":0,"k":[0,0],"ix":1},"s":{"a":0,"k":[100,100],"ix":3},"r":{"a":0,"k":0,"ix":6},"o":{"a":0,"k":100,"ix":7},"sk":{"a":0,"k":0,"ix":4},"sa":{"a":0,"k":0,"ix":5},"nm":"Transform"}],"nm":"Group 1","np":2,"cix":2,"bm":0,"ix":1,"mn":"ADBE Vector Group","hd":false}],"ip":60.0000024438501,"op":120.0000048877,"st":60.0000024438501,"bm":0},{"ddd":0,"ind":8,"ty":4,"nm":"cloud Outlines 2","sr":1,"ks":{"o":{"a":0,"k":100,"ix":11},"r":{"a":0,"k":0,"ix":10},"p":{"a":0,"k":[108,64,0],"ix":2},"a":{"a":0,"k":[108,64,0],"ix":1},"s":{"a":0,"k":[100,100,100],"ix":6}},"ao":0,"shapes":[{"ty":"gr","it":[{"ind":0,"ty":"sh","ix":1,"ks":{"a":0,"k":{"i":[[0,0],[0,15.832],[-16.2,0],[-0.677,-0.046],[0,2.754],[-25.037,0],[-6.03,-17.957],[-1.469,0],[0,-22.092],[20.901,-1.668],[0,0],[0,0]],"o":[[-16.2,0],[0,-15.832],[0.689,0],[-0.47,-2.618],[0,-25.037],[19.988,0],[1.429,-0.15],[22.46,0],[0,20.987],[0,0],[0,0],[0,0]],"v":[[-52.667,55.333],[-82,26.667],[-52.667,-2.001],[-50.618,-1.932],[-51.334,-10.001],[-6,-55.333],[36.984,-24.441],[41.333,-24.667],[82,15.333],[44.666,55.305],[44.666,55.333],[-30.657,55.333]],"c":true},"ix":2},"nm":"Path 1","mn":"ADBE Vector Shape - Group","hd":false},{"ind":1,"ty":"sh","ix":2,"ks":{"a":0,"k":{"i":[[0,0],[0,0]],"o":[[0,0],[0,0]],"v":[[-29.672,55.333],[-52.959,55.333]],"c":false},"ix":2},"nm":"Path 2","mn":"ADBE Vector Shape - Group","hd":false},{"ty":"mm","mm":1,"nm":"Merge Paths 1","mn":"ADBE Vector Filter - Merge","hd":false},{"ty":"st","c":{"a":0,"k":[0.850980451995,0.850980451995,0.850980451995,1],"ix":3},"o":{"a":0,"k":100,"ix":4},"w":{"a":0,"k":3.333,"ix":5},"lc":2,"lj":1,"ml":4,"bm":0,"nm":"Stroke 1","mn":"ADBE Vector Graphic - Stroke","hd":false},{"ty":"tr","p":{"a":0,"k":[112.667,63.333],"ix":2},"a":{"a":0,"k":[0,0],"ix":1},"s":{"a":0,"k":[100,100],"ix":3},"r":{"a":0,"k":0,"ix":6},"o":{"a":0,"k":100,"ix":7},"sk":{"a":0,"k":0,"ix":4},"sa":{"a":0,"k":0,"ix":5},"nm":"Transform"}],"nm":"Group 1","np":4,"cix":2,"bm":0,"ix":1,"mn":"ADBE Vector Group","hd":false},{"ty":"gr","it":[{"ind":0,"ty":"sh","ix":1,"ks":{"a":0,"k":{"i":[[0,0],[0,15.832],[-16.2,0],[-0.677,-0.046],[0,2.754],[-25.037,0],[-6.03,-17.957],[-1.469,0],[0,-22.092],[20.901,-1.668],[0,0],[0,0]],"o":[[-16.2,0],[0,-15.832],[0.689,0],[-0.47,-2.618],[0,-25.037],[19.988,0],[1.429,-0.15],[22.46,0],[0,20.987],[0,0],[0,0],[0,0]],"v":[[-52.667,55.333],[-82,26.667],[-52.667,-2.001],[-50.618,-1.932],[-51.334,-10.001],[-6,-55.333],[36.984,-24.441],[41.333,-24.667],[82,15.333],[44.666,55.305],[44.666,55.333],[-30.657,55.333]],"c":true},"ix":2},"nm":"Path 1","mn":"ADBE Vector Shape - Group","hd":false},{"ind":1,"ty":"sh","ix":2,"ks":{"a":0,"k":{"i":[[0,0],[0,0]],"o":[[0,0],[0,0]],"v":[[-29.672,55.333],[-52.959,55.333]],"c":false},"ix":2},"nm":"Path 2","mn":"ADBE Vector Shape - Group","hd":false},{"ty":"mm","mm":1,"nm":"Merge Paths 1","mn":"ADBE Vector Filter - Merge","hd":false},{"ty":"fl","c":{"a":0,"k":[1,1,1,1],"ix":4},"o":{"a":0,"k":100,"ix":5},"r":1,"bm":0,"nm":"Fill 1","mn":"ADBE Vector Graphic - Fill","hd":false},{"ty":"tr","p":{"a":0,"k":[112.667,63.333],"ix":2},"a":{"a":0,"k":[0,0],"ix":1},"s":{"a":0,"k":[100,100],"ix":3},"r":{"a":0,"k":0,"ix":6},"o":{"a":0,"k":100,"ix":7},"sk":{"a":0,"k":0,"ix":4},"sa":{"a":0,"k":0,"ix":5},"nm":"Transform"}],"nm":"Group 2","np":6,"cix":2,"bm":0,"ix":2,"mn":"ADBE Vector Group","hd":false}],"ip":60.0000024438501,"op":120.0000048877,"st":60.0000024438501,"bm":0},{"ddd":0,"ind":9,"ty":4,"nm":"bg Outlines 2","sr":1,"ks":{"o":{"a":0,"k":100,"ix":11},"r":{"a":0,"k":0,"ix":10},"p":{"a":0,"k":[108,64,0],"ix":2},"a":{"a":0,"k":[108,64,0],"ix":1},"s":{"a":0,"k":[100,100,100],"ix":6}},"ao":0,"shapes":[{"ty":"gr","it":[{"ind":0,"ty":"sh","ix":1,"ks":{"a":0,"k":{"i":[[-3.866,0],[0,-3.866],[3.866,0],[0,3.866]],"o":[[3.866,0],[0,3.866],[-3.866,0],[0,-3.866]],"v":[[101,21],[108,28],[101,35],[94,28]],"c":true},"ix":2},"nm":"Path 1","mn":"ADBE Vector Shape - Group","hd":false},{"ind":1,"ty":"sh","ix":2,"ks":{"a":0,"k":{"i":[[0,0],[0,-3.866],[3.866,0],[0,0],[0,-3.866],[3.866,0],[0,0],[0,-3.866],[3.866,0],[0,0],[0,-3.866],[-3.866,0],[0,0],[0,-3.866],[3.866,0],[0,0],[0.483,0.105],[0.515,0],[0,0],[0,3.866],[-3.866,0],[0,0],[0,3.866],[-3.866,0],[0,0],[0,3.866],[3.866,0],[0,0],[0,3.866],[-3.866,0],[0,0],[0,3.866],[-3.866,0]],"o":[[3.866,0],[0,3.866],[0,0],[3.866,0],[0,3.866],[0,0],[3.866,0],[0,3.866],[0,0],[-3.866,0],[0,3.866],[0,0],[3.866,0],[0,3.866],[0,0],[-0.515,0],[-0.483,0.105],[0,0],[-3.866,0],[0,-3.866],[0,0],[-3.866,0],[0,-3.866],[0,0],[3.866,0],[0,-3.866],[0,0],[-3.866,0],[0,-3.866],[0,0],[-3.866,0],[0,-3.866],[0,0]],"v":[[11,-35],[18,-28],[11,-21],[75,-21],[82,-14],[75,-7],[97,-7],[104,0],[97,7],[78,7],[71,14],[78,21],[84,21],[91,28],[84,35],[32,35],[30.5,34.839],[29,35],[-62,35],[-69,28],[-62,21],[-101,21],[-108,14],[-101,7],[-61,7],[-54,0],[-61,-7],[-86,-7],[-93,-14],[-86,-21],[-40.25,-21],[-41.283,-28],[-31.618,-33.671]],"c":true},"ix":2},"nm":"Path 2","mn":"ADBE Vector Shape - Group","hd":false},{"ty":"mm","mm":1,"nm":"Merge Paths 1","mn":"ADBE Vector Filter - Merge","hd":false},{"ty":"fl","c":{"a":0,"k":[0.925490196078,0.925490196078,0.925490196078,1],"ix":4},"o":{"a":0,"k":100,"ix":5},"r":1,"bm":0,"nm":"Fill 1","mn":"ADBE Vector Graphic - Fill","hd":false},{"ty":"tr","p":{"a":0,"k":[108,64],"ix":2},"a":{"a":0,"k":[0,0],"ix":1},"s":{"a":0,"k":[100,100],"ix":3},"r":{"a":0,"k":0,"ix":6},"o":{"a":0,"k":100,"ix":7},"sk":{"a":0,"k":0,"ix":4},"sa":{"a":0,"k":0,"ix":5},"nm":"Transform"}],"nm":"Group 1","np":6,"cix":2,"bm":0,"ix":1,"mn":"ADBE Vector Group","hd":false}],"ip":60.0000024438501,"op":120.0000048877,"st":60.0000024438501,"bm":0},{"ddd":0,"ind":10,"ty":4,"nm":"mouth Outlines","sr":1,"ks":{"o":{"a":0,"k":100,"ix":11},"r":{"a":0,"k":0,"ix":10},"p":{"a":0,"k":[108,64,0],"ix":2},"a":{"a":0,"k":[108,64,0],"ix":1},"s":{"a":0,"k":[100,100,100],"ix":6}},"ao":0,"shapes":[{"ty":"gr","it":[{"ind":0,"ty":"sh","ix":1,"ks":{"a":0,"k":{"i":[[0,0],[0,0]],"o":[[0,0],[0,0]],"v":[[105,92],[124.333,92]],"c":false},"ix":2},"nm":"Path 1","mn":"ADBE Vector Shape - Group","hd":false},{"ty":"st","c":{"a":0,"k":[0.850980451995,0.850980451995,0.850980451995,1],"ix":3},"o":{"a":0,"k":100,"ix":4},"w":{"a":0,"k":3.333,"ix":5},"lc":2,"lj":1,"ml":4,"bm":0,"nm":"Stroke 1","mn":"ADBE Vector Graphic - Stroke","hd":false},{"ty":"tr","p":{"a":0,"k":[0,0],"ix":2},"a":{"a":0,"k":[0,0],"ix":1},"s":{"a":0,"k":[100,100],"ix":3},"r":{"a":0,"k":0,"ix":6},"o":{"a":0,"k":100,"ix":7},"sk":{"a":0,"k":0,"ix":4},"sa":{"a":0,"k":0,"ix":5},"nm":"Transform"}],"nm":"Group 1","np":2,"cix":2,"bm":0,"ix":1,"mn":"ADBE Vector Group","hd":false}],"ip":0,"op":60.0000024438501,"st":0,"bm":0},{"ddd":0,"ind":11,"ty":4,"nm":"right eye Outlines","sr":1,"ks":{"o":{"a":0,"k":100,"ix":11},"r":{"a":0,"k":0,"ix":10},"p":{"a":1,"k":[{"i":{"x":0.667,"y":1},"o":{"x":0.333,"y":0},"t":0,"s":[108,67,0],"to":[0,0,0],"ti":[0,0,0]},{"i":{"x":0.667,"y":1},"o":{"x":0.333,"y":0},"t":30,"s":[108,62,0],"to":[0,0,0],"ti":[0,0,0]},{"t":60.0000024438501,"s":[108,67,0]}],"ix":2},"a":{"a":0,"k":[108,64,0],"ix":1},"s":{"a":0,"k":[100,100,100],"ix":6}},"ao":0,"shapes":[{"ty":"gr","it":[{"ind":0,"ty":"sh","ix":1,"ks":{"a":0,"k":{"i":[[0,0],[-5.154,0],[0,5.155]],"o":[[0,5.155],[5.155,0],[0,0]],"v":[[-9.333,-4.667],[-0.001,4.667],[9.333,-4.667]],"c":false},"ix":2},"nm":"Path 1","mn":"ADBE Vector Shape - Group","hd":false},{"ty":"st","c":{"a":0,"k":[0.850980451995,0.850980451995,0.850980451995,1],"ix":3},"o":{"a":0,"k":100,"ix":4},"w":{"a":0,"k":3.333,"ix":5},"lc":2,"lj":1,"ml":4,"bm":0,"nm":"Stroke 1","mn":"ADBE Vector Graphic - Stroke","hd":false},{"ty":"tr","p":{"a":0,"k":[134.333,71.333],"ix":2},"a":{"a":0,"k":[0,0],"ix":1},"s":{"a":0,"k":[100,100],"ix":3},"r":{"a":0,"k":0,"ix":6},"o":{"a":0,"k":100,"ix":7},"sk":{"a":0,"k":0,"ix":4},"sa":{"a":0,"k":0,"ix":5},"nm":"Transform"}],"nm":"Group 1","np":2,"cix":2,"bm":0,"ix":1,"mn":"ADBE Vector Group","hd":false}],"ip":0,"op":60.0000024438501,"st":0,"bm":0},{"ddd":0,"ind":12,"ty":4,"nm":"left eye Outlines","sr":1,"ks":{"o":{"a":0,"k":100,"ix":11},"r":{"a":0,"k":0,"ix":10},"p":{"a":1,"k":[{"i":{"x":0.667,"y":1},"o":{"x":0.333,"y":0},"t":0,"s":[108,67,0],"to":[0,0,0],"ti":[0,0,0]},{"i":{"x":0.667,"y":1},"o":{"x":0.333,"y":0},"t":30,"s":[108,62,0],"to":[0,0,0],"ti":[0,0,0]},{"t":60.0000024438501,"s":[108,67,0]}],"ix":2},"a":{"a":0,"k":[108,64,0],"ix":1},"s":{"a":0,"k":[100,100,100],"ix":6}},"ao":0,"shapes":[{"ty":"gr","it":[{"ind":0,"ty":"sh","ix":1,"ks":{"a":0,"k":{"i":[[0,0],[-5.154,0],[0,5.155]],"o":[[0,5.155],[5.155,0],[0,0]],"v":[[-9.333,-4.667],[-0.001,4.667],[9.334,-4.667]],"c":false},"ix":2},"nm":"Path 1","mn":"ADBE Vector Shape - Group","hd":false},{"ty":"st","c":{"a":0,"k":[0.850980451995,0.850980451995,0.850980451995,1],"ix":3},"o":{"a":0,"k":100,"ix":4},"w":{"a":0,"k":3.333,"ix":5},"lc":2,"lj":1,"ml":4,"bm":0,"nm":"Stroke 1","mn":"ADBE Vector Graphic - Stroke","hd":false},{"ty":"tr","p":{"a":0,"k":[95.667,71.333],"ix":2},"a":{"a":0,"k":[0,0],"ix":1},"s":{"a":0,"k":[100,100],"ix":3},"r":{"a":0,"k":0,"ix":6},"o":{"a":0,"k":100,"ix":7},"sk":{"a":0,"k":0,"ix":4},"sa":{"a":0,"k":0,"ix":5},"nm":"Transform"}],"nm":"Group 1","np":2,"cix":2,"bm":0,"ix":1,"mn":"ADBE Vector Group","hd":false}],"ip":0,"op":60.0000024438501,"st":0,"bm":0},{"ddd":0,"ind":13,"ty":4,"nm":"arc Outlines","sr":1,"ks":{"o":{"a":0,"k":100,"ix":11},"r":{"a":0,"k":0,"ix":10},"p":{"a":0,"k":[108,64,0],"ix":2},"a":{"a":0,"k":[108,64,0],"ix":1},"s":{"a":0,"k":[100,100,100],"ix":6}},"ao":0,"shapes":[{"ty":"gr","it":[{"ind":0,"ty":"sh","ix":1,"ks":{"a":0,"k":{"i":[[0,0],[-2.389,-8.64]],"o":[[8.679,2.297],[0,0]],"v":[[-8.96,-8.862],[8.96,8.862]],"c":false},"ix":2},"nm":"Path 1","mn":"ADBE Vector Shape - Group","hd":false},{"ty":"st","c":{"a":0,"k":[0.850980451995,0.850980451995,0.850980451995,1],"ix":3},"o":{"a":0,"k":100,"ix":4},"w":{"a":0,"k":3.333,"ix":5},"lc":2,"lj":1,"ml":4,"bm":0,"nm":"Stroke 1","mn":"ADBE Vector Graphic - Stroke","hd":false},{"ty":"tr","p":{"a":0,"k":[128.96,30.862],"ix":2},"a":{"a":0,"k":[0,0],"ix":1},"s":{"a":0,"k":[100,100],"ix":3},"r":{"a":0,"k":0,"ix":6},"o":{"a":0,"k":100,"ix":7},"sk":{"a":0,"k":0,"ix":4},"sa":{"a":0,"k":0,"ix":5},"nm":"Transform"}],"nm":"Group 1","np":2,"cix":2,"bm":0,"ix":1,"mn":"ADBE Vector Group","hd":false}],"ip":0,"op":60.0000024438501,"st":0,"bm":0},{"ddd":0,"ind":14,"ty":4,"nm":"cloud Outlines","sr":1,"ks":{"o":{"a":0,"k":100,"ix":11},"r":{"a":0,"k":0,"ix":10},"p":{"a":0,"k":[108,64,0],"ix":2},"a":{"a":0,"k":[108,64,0],"ix":1},"s":{"a":0,"k":[100,100,100],"ix":6}},"ao":0,"shapes":[{"ty":"gr","it":[{"ind":0,"ty":"sh","ix":1,"ks":{"a":0,"k":{"i":[[0,0],[0,15.832],[-16.2,0],[-0.677,-0.046],[0,2.754],[-25.037,0],[-6.03,-17.957],[-1.469,0],[0,-22.092],[20.901,-1.668],[0,0],[0,0]],"o":[[-16.2,0],[0,-15.832],[0.689,0],[-0.47,-2.618],[0,-25.037],[19.988,0],[1.429,-0.15],[22.46,0],[0,20.987],[0,0],[0,0],[0,0]],"v":[[-52.667,55.333],[-82,26.667],[-52.667,-2.001],[-50.618,-1.932],[-51.334,-10.001],[-6,-55.333],[36.984,-24.441],[41.333,-24.667],[82,15.333],[44.666,55.305],[44.666,55.333],[-30.657,55.333]],"c":true},"ix":2},"nm":"Path 1","mn":"ADBE Vector Shape - Group","hd":false},{"ind":1,"ty":"sh","ix":2,"ks":{"a":0,"k":{"i":[[0,0],[0,0]],"o":[[0,0],[0,0]],"v":[[-29.672,55.333],[-52.959,55.333]],"c":false},"ix":2},"nm":"Path 2","mn":"ADBE Vector Shape - Group","hd":false},{"ty":"mm","mm":1,"nm":"Merge Paths 1","mn":"ADBE Vector Filter - Merge","hd":false},{"ty":"st","c":{"a":0,"k":[0.850980451995,0.850980451995,0.850980451995,1],"ix":3},"o":{"a":0,"k":100,"ix":4},"w":{"a":0,"k":3.333,"ix":5},"lc":2,"lj":1,"ml":4,"bm":0,"nm":"Stroke 1","mn":"ADBE Vector Graphic - Stroke","hd":false},{"ty":"tr","p":{"a":0,"k":[112.667,63.333],"ix":2},"a":{"a":0,"k":[0,0],"ix":1},"s":{"a":0,"k":[100,100],"ix":3},"r":{"a":0,"k":0,"ix":6},"o":{"a":0,"k":100,"ix":7},"sk":{"a":0,"k":0,"ix":4},"sa":{"a":0,"k":0,"ix":5},"nm":"Transform"}],"nm":"Group 1","np":4,"cix":2,"bm":0,"ix":1,"mn":"ADBE Vector Group","hd":false},{"ty":"gr","it":[{"ind":0,"ty":"sh","ix":1,"ks":{"a":0,"k":{"i":[[0,0],[0,15.832],[-16.2,0],[-0.677,-0.046],[0,2.754],[-25.037,0],[-6.03,-17.957],[-1.469,0],[0,-22.092],[20.901,-1.668],[0,0],[0,0]],"o":[[-16.2,0],[0,-15.832],[0.689,0],[-0.47,-2.618],[0,-25.037],[19.988,0],[1.429,-0.15],[22.46,0],[0,20.987],[0,0],[0,0],[0,0]],"v":[[-52.667,55.333],[-82,26.667],[-52.667,-2.001],[-50.618,-1.932],[-51.334,-10.001],[-6,-55.333],[36.984,-24.441],[41.333,-24.667],[82,15.333],[44.666,55.305],[44.666,55.333],[-30.657,55.333]],"c":true},"ix":2},"nm":"Path 1","mn":"ADBE Vector Shape - Group","hd":false},{"ind":1,"ty":"sh","ix":2,"ks":{"a":0,"k":{"i":[[0,0],[0,0]],"o":[[0,0],[0,0]],"v":[[-29.672,55.333],[-52.959,55.333]],"c":false},"ix":2},"nm":"Path 2","mn":"ADBE Vector Shape - Group","hd":false},{"ty":"mm","mm":1,"nm":"Merge Paths 1","mn":"ADBE Vector Filter - Merge","hd":false},{"ty":"fl","c":{"a":0,"k":[1,1,1,1],"ix":4},"o":{"a":0,"k":100,"ix":5},"r":1,"bm":0,"nm":"Fill 1","mn":"ADBE Vector Graphic - Fill","hd":false},{"ty":"tr","p":{"a":0,"k":[112.667,63.333],"ix":2},"a":{"a":0,"k":[0,0],"ix":1},"s":{"a":0,"k":[100,100],"ix":3},"r":{"a":0,"k":0,"ix":6},"o":{"a":0,"k":100,"ix":7},"sk":{"a":0,"k":0,"ix":4},"sa":{"a":0,"k":0,"ix":5},"nm":"Transform"}],"nm":"Group 2","np":6,"cix":2,"bm":0,"ix":2,"mn":"ADBE Vector Group","hd":false}],"ip":0,"op":60.0000024438501,"st":0,"bm":0},{"ddd":0,"ind":15,"ty":4,"nm":"bg Outlines 4","sr":1,"ks":{"o":{"a":0,"k":100,"ix":11},"r":{"a":0,"k":0,"ix":10},"p":{"a":0,"k":[108,64,0],"ix":2},"a":{"a":0,"k":[108,64,0],"ix":1},"s":{"a":0,"k":[100,100,100],"ix":6}},"ao":0,"shapes":[{"ty":"gr","it":[{"ind":0,"ty":"sh","ix":1,"ks":{"a":0,"k":{"i":[[-3.866,0],[0,-3.866],[3.866,0],[0,3.866]],"o":[[3.866,0],[0,3.866],[-3.866,0],[0,-3.866]],"v":[[101,21],[108,28],[101,35],[94,28]],"c":true},"ix":2},"nm":"Path 1","mn":"ADBE Vector Shape - Group","hd":false},{"ind":1,"ty":"sh","ix":2,"ks":{"a":0,"k":{"i":[[0,0],[0,-3.866],[3.866,0],[0,0],[0,-3.866],[3.866,0],[0,0],[0,-3.866],[3.866,0],[0,0],[0,-3.866],[-3.866,0],[0,0],[0,-3.866],[3.866,0],[0,0],[0.483,0.105],[0.515,0],[0,0],[0,3.866],[-3.866,0],[0,0],[0,3.866],[-3.866,0],[0,0],[0,3.866],[3.866,0],[0,0],[0,3.866],[-3.866,0],[0,0],[0,3.866],[-3.866,0]],"o":[[3.866,0],[0,3.866],[0,0],[3.866,0],[0,3.866],[0,0],[3.866,0],[0,3.866],[0,0],[-3.866,0],[0,3.866],[0,0],[3.866,0],[0,3.866],[0,0],[-0.515,0],[-0.483,0.105],[0,0],[-3.866,0],[0,-3.866],[0,0],[-3.866,0],[0,-3.866],[0,0],[3.866,0],[0,-3.866],[0,0],[-3.866,0],[0,-3.866],[0,0],[-3.866,0],[0,-3.866],[0,0]],"v":[[11,-35],[18,-28],[11,-21],[75,-21],[82,-14],[75,-7],[97,-7],[104,0],[97,7],[78,7],[71,14],[78,21],[84,21],[91,28],[84,35],[32,35],[30.5,34.839],[29,35],[-62,35],[-69,28],[-62,21],[-101,21],[-108,14],[-101,7],[-61,7],[-54,0],[-61,-7],[-86,-7],[-93,-14],[-86,-21],[-40.25,-21],[-41.283,-28],[-31.618,-33.671]],"c":true},"ix":2},"nm":"Path 2","mn":"ADBE Vector Shape - Group","hd":false},{"ty":"mm","mm":1,"nm":"Merge Paths 1","mn":"ADBE Vector Filter - Merge","hd":false},{"ty":"fl","c":{"a":0,"k":[0.925490196078,0.925490196078,0.925490196078,1],"ix":4},"o":{"a":0,"k":100,"ix":5},"r":1,"bm":0,"nm":"Fill 1","mn":"ADBE Vector Graphic - Fill","hd":false},{"ty":"tr","p":{"a":0,"k":[108,64],"ix":2},"a":{"a":0,"k":[0,0],"ix":1},"s":{"a":0,"k":[100,100],"ix":3},"r":{"a":0,"k":0,"ix":6},"o":{"a":0,"k":100,"ix":7},"sk":{"a":0,"k":0,"ix":4},"sa":{"a":0,"k":0,"ix":5},"nm":"Transform"}],"nm":"Group 1","np":6,"cix":2,"bm":0,"ix":1,"mn":"ADBE Vector Group","hd":false}],"ip":0,"op":60.0000024438501,"st":0,"bm":0}],"markers":[]}