{"v":"5.9.0","fr":29.9700012207031,"ip":0,"op":60.0000024438501,"w":216,"h":128,"nm":"store closed","ddd":0,"assets":[{"id":"comp_0","nm":"closed","fr":29.9700012207031,"layers":[{"ddd":0,"ind":1,"ty":4,"nm":"CLOSED Outlines","sr":1,"ks":{"p":{"a":0,"k":[117.5,128.5,0]}},"ao":0,"shapes":[{"ty":"gr","it":[{"ind":0,"ty":"sh","ks":{"a":0,"k":{"i":[[0,0],[1.883,0],[0,2.526],[-2.349,0],[-0.465,-2.149],[0,0],[3.656,0],[0,-4.343],[-4.409,0],[-0.687,3.722]],"o":[[-0.51,2.216],[-2.349,0],[0,-2.526],[1.905,0],[0,0],[-0.709,-3.523],[-4.409,0],[0,4.365],[3.811,0],[0,0]],"v":[[12.562,-6.27],[8.663,-2.991],[4.431,-7.422],[8.663,-11.831],[12.54,-8.641],[16.129,-9.483],[8.663,-15.177],[0.775,-7.422],[8.663,0.332],[16.152,-5.561]],"c":true}},"nm":"C","hd":false},{"ty":"fl","c":{"a":0,"k":[0.850980392157,0.850980392157,0.850980392157,1]},"o":{"a":0,"k":100},"r":1,"bm":0,"nm":"Fill 1","hd":false},{"ty":"tr","p":{"a":0,"k":[0,0]},"a":{"a":0,"k":[0,0]},"s":{"a":0,"k":[100,100]},"r":{"a":0,"k":0},"o":{"a":0,"k":100},"sk":{"a":0,"k":0},"sa":{"a":0,"k":0},"nm":"Transform"}],"nm":"C","bm":0,"hd":false},{"ty":"gr","it":[{"ind":0,"ty":"sh","ks":{"a":0,"k":{"i":[[0,0],[0,0],[0,0],[0,0],[0,0],[0,0]],"o":[[0,0],[0,0],[0,0],[0,0],[0,0],[0,0]],"v":[[21.749,-3.19],[21.749,-14.844],[18.093,-14.844],[18.093,0],[29.06,0],[29.06,-3.19]],"c":true}},"nm":"L","hd":false},{"ty":"fl","c":{"a":0,"k":[0.850980392157,0.850980392157,0.850980392157,1]},"o":{"a":0,"k":100},"r":1,"bm":0,"nm":"Fill 1","hd":false},{"ty":"tr","p":{"a":0,"k":[0,0]},"a":{"a":0,"k":[0,0]},"s":{"a":0,"k":[100,100]},"r":{"a":0,"k":0},"o":{"a":0,"k":100},"sk":{"a":0,"k":0},"sa":{"a":0,"k":0},"nm":"Transform"}],"nm":"L","bm":0,"hd":false},{"ty":"gr","it":[{"ind":0,"ty":"sh","ks":{"a":0,"k":{"i":[[4.431,0],[0,-4.343],[-4.431,0],[0,4.32]],"o":[[-4.431,0],[0,4.32],[4.431,0],[0,-4.343]],"v":[[37.967,-15.177],[30.057,-7.4],[37.967,0.332],[45.877,-7.4]],"c":true}},"nm":"O","hd":false},{"ind":1,"ty":"sh","ks":{"a":0,"k":{"i":[[2.415,0],[0,2.526],[-2.415,0],[0,-2.548]],"o":[[-2.415,0],[0,-2.548],[2.415,0],[0,2.526]],"v":[[37.967,-3.013],[33.713,-7.4],[37.967,-11.831],[42.221,-7.4]],"c":true}},"nm":"O","hd":false},{"ty":"mm","mm":1,"nm":"Merge Paths 1","hd":false},{"ty":"fl","c":{"a":0,"k":[0.850980392157,0.850980392157,0.850980392157,1]},"o":{"a":0,"k":100},"r":1,"bm":0,"nm":"Fill 1","hd":false},{"ty":"tr","p":{"a":0,"k":[0,0]},"a":{"a":0,"k":[0,0]},"s":{"a":0,"k":[100,100]},"r":{"a":0,"k":0},"o":{"a":0,"k":100},"sk":{"a":0,"k":0},"sa":{"a":0,"k":0},"nm":"Transform"}],"nm":"O","bm":0,"hd":false},{"ty":"gr","it":[{"ind":0,"ty":"sh","ks":{"a":0,"k":{"i":[[3.235,0],[0,-2.88],[-2.127,-0.487],[0,0],[0,-0.665],[1.374,0],[0.377,1.529],[0,0],[-3.346,0],[0,3.168],[2.57,0.576],[0,0],[0,0.598],[-1.219,0],[-0.266,-1.396],[0,0]],"o":[[-3.478,0],[0,2.703],[0,0],[1.063,0.222],[0,0.908],[-1.484,0],[0,0],[0.399,2.902],[3.301,0],[0,-2.349],[0,0],[-0.931,-0.199],[0,-0.842],[1.174,0],[0,0],[-0.554,-2.703]],"v":[[53.642,-15.177],[47.771,-10.502],[51.759,-6.204],[54.861,-5.539],[56.234,-4.232],[54.041,-2.703],[51.116,-4.896],[47.35,-4.165],[53.841,0.332],[59.956,-4.475],[55.88,-8.796],[52.8,-9.483],[51.604,-10.723],[53.598,-12.23],[56.19,-10.147],[59.779,-10.878]],"c":true}},"nm":"S","hd":false},{"ty":"fl","c":{"a":0,"k":[0.850980392157,0.850980392157,0.850980392157,1]},"o":{"a":0,"k":100},"r":1,"bm":0,"nm":"Fill 1","hd":false},{"ty":"tr","p":{"a":0,"k":[0,0]},"a":{"a":0,"k":[0,0]},"s":{"a":0,"k":[100,100]},"r":{"a":0,"k":0},"o":{"a":0,"k":100},"sk":{"a":0,"k":0},"sa":{"a":0,"k":0},"nm":"Transform"}],"nm":"S","bm":0,"hd":false},{"ty":"gr","it":[{"ind":0,"ty":"sh","ks":{"a":0,"k":{"i":[[0,0],[0,0],[0,0],[0,0],[0,0],[0,0],[0,0],[0,0],[0,0],[0,0],[0,0],[0,0]],"o":[[0,0],[0,0],[0,0],[0,0],[0,0],[0,0],[0,0],[0,0],[0,0],[0,0],[0,0],[0,0]],"v":[[65.683,-3.146],[65.683,-5.938],[72.883,-5.938],[72.883,-8.907],[65.683,-8.907],[65.683,-11.698],[73.526,-11.698],[73.526,-14.844],[62.027,-14.844],[62.027,0],[73.592,0],[73.592,-3.146]],"c":true}},"nm":"E","hd":false},{"ty":"fl","c":{"a":0,"k":[0.850980392157,0.850980392157,0.850980392157,1]},"o":{"a":0,"k":100},"r":1,"bm":0,"nm":"Fill 1","hd":false},{"ty":"tr","p":{"a":0,"k":[0,0]},"a":{"a":0,"k":[0,0]},"s":{"a":0,"k":[100,100]},"r":{"a":0,"k":0},"o":{"a":0,"k":100},"sk":{"a":0,"k":0},"sa":{"a":0,"k":0},"nm":"Transform"}],"nm":"E","bm":0,"hd":false},{"ty":"gr","it":[{"ind":0,"ty":"sh","ks":{"a":0,"k":{"i":[[4.896,0],[0,0],[0,0],[0,0],[0,4.409]],"o":[[0,0],[0,0],[0,0],[4.896,0],[0,-4.409]],"v":[[81.648,-14.844],[75.777,-14.844],[75.777,0],[81.648,0],[89.779,-7.422]],"c":true}},"nm":"D","hd":false},{"ind":1,"ty":"sh","ks":{"a":0,"k":{"i":[[2.769,0],[0,0],[0,0],[0,0],[0,-2.57]],"o":[[0,0],[0,0],[0,0],[2.769,0],[0,2.57]],"v":[[81.515,-3.168],[79.433,-3.168],[79.433,-11.676],[81.515,-11.676],[86.102,-7.422]],"c":true}},"nm":"D","hd":false},{"ty":"mm","mm":1,"nm":"Merge Paths 1","hd":false},{"ty":"fl","c":{"a":0,"k":[0.850980392157,0.850980392157,0.850980392157,1]},"o":{"a":0,"k":100},"r":1,"bm":0,"nm":"Fill 1","hd":false},{"ty":"tr","p":{"a":0,"k":[0,0]},"a":{"a":0,"k":[0,0]},"s":{"a":0,"k":[100,100]},"r":{"a":0,"k":0},"o":{"a":0,"k":100},"sk":{"a":0,"k":0},"sa":{"a":0,"k":0},"nm":"Transform"}],"nm":"D","bm":0,"hd":false},{"ty":"mm","mm":2,"nm":"Merge Paths 1","hd":false},{"ty":"fl","c":{"a":0,"k":[0.850980392157,0.850980392157,0.850980392157,1]},"o":{"a":0,"k":100},"r":1,"bm":0,"nm":"Fill 1","hd":false}],"ip":0,"op":60.0000024438501,"st":0,"bm":0},{"ddd":0,"ind":2,"ty":4,"nm":"store_close Outlines 2","sr":1,"ks":{"p":{"a":0,"k":[162,101,0]},"a":{"a":0,"k":[160,94.5,0]},"s":{"a":0,"k":[93,79,100]}},"ao":0,"shapes":[{"ty":"gr","it":[{"ind":0,"ty":"sh","ks":{"a":0,"k":{"i":[[0,0],[0,-1.104],[0,0],[-1.104,0],[0,0],[0,1.104],[0,0],[1.104,0]],"o":[[-1.104,0],[0,0],[0,1.104],[0,0],[1.104,0],[0,0],[0,-1.104],[0,0]],"v":[[-49.852,-16.243],[-51.852,-14.243],[-51.852,14.242],[-49.852,16.242],[49.852,16.242],[51.852,14.242],[51.852,-14.243],[49.852,-16.243]],"c":true}},"nm":"Path 1","hd":false},{"ind":1,"ty":"sh","ks":{"a":0,"k":{"i":[[0,0],[0.552,0],[0,0],[0,-0.552],[0,0],[-0.552,0],[0,0],[0,0.553]],"o":[[0,-0.552],[0,0],[-0.552,0],[0,0],[0,0.553],[0,0],[0.552,0],[0,0]],"v":[[48.593,-11.993],[47.593,-12.993],[-47.593,-12.993],[-48.593,-11.993],[-48.593,11.993],[-47.593,12.993],[47.593,12.993],[48.593,11.993]],"c":true}},"nm":"Path 2","hd":false},{"ty":"mm","mm":1,"nm":"Merge Paths 1","hd":false},{"ty":"fl","c":{"a":0,"k":[1,1,1,1]},"o":{"a":0,"k":100},"r":1,"bm":0,"nm":"Fill 1","hd":false},{"ty":"gr","it":[{"ind":0,"ty":"sh","ks":{"a":0,"k":{"i":[[0,0],[0,-1.104],[0,0],[-1.104,0],[0,0],[0,1.104],[0,0],[1.104,0]],"o":[[-1.104,0],[0,0],[0,1.104],[0,0],[1.104,0],[0,0],[0,-1.104],[0,0]],"v":[[-49.852,-16.243],[-51.852,-14.243],[-51.852,14.242],[-49.852,16.242],[49.852,16.242],[51.852,14.242],[51.852,-14.243],[49.852,-16.243]],"c":true}},"nm":"Path 1","hd":false},{"ind":1,"ty":"sh","ks":{"a":0,"k":{"i":[[0,0],[0.552,0],[0,0],[0,-0.552],[0,0],[-0.552,0],[0,0],[0,0.553]],"o":[[0,-0.552],[0,0],[-0.552,0],[0,0],[0,0.553],[0,0],[0.552,0],[0,0]],"v":[[48.593,-11.993],[47.593,-12.993],[-47.593,-12.993],[-48.593,-11.993],[-48.593,11.993],[-47.593,12.993],[47.593,12.993],[48.593,11.993]],"c":true}},"nm":"Path 2","hd":false},{"ty":"mm","mm":1,"nm":"Merge Paths 1","hd":false},{"ty":"fl","c":{"a":0,"k":[1,1,1,1]},"o":{"a":0,"k":100},"r":1,"bm":0,"nm":"Fill 1","hd":false},{"ty":"tr","p":{"a":0,"k":[160,119.602]},"a":{"a":0,"k":[0,0]},"s":{"a":0,"k":[100,100]},"r":{"a":0,"k":0},"o":{"a":0,"k":100},"sk":{"a":0,"k":0},"sa":{"a":0,"k":0},"nm":"Transform"}],"nm":"Group 8","bm":0,"hd":false},{"ty":"gr","it":[{"ind":0,"ty":"sh","ks":{"a":0,"k":{"i":[[0,0],[0,-1.104],[0,0],[-1.104,0],[0,0],[0,1.104],[0,0],[1.104,0]],"o":[[-1.104,0],[0,0],[0,1.104],[0,0],[1.104,0],[0,0],[0,-1.104],[0,0]],"v":[[-49.852,-16.243],[-51.852,-14.243],[-51.852,14.242],[-49.852,16.242],[49.852,16.242],[51.852,14.242],[51.852,-14.243],[49.852,-16.243]],"c":true}},"nm":"Path 1","hd":false},{"ind":1,"ty":"sh","ks":{"a":0,"k":{"i":[[0,0],[0.552,0],[0,0],[0,-0.552],[0,0],[-0.552,0],[0,0],[0,0.553]],"o":[[0,-0.552],[0,0],[-0.552,0],[0,0],[0,0.553],[0,0],[0.552,0],[0,0]],"v":[[48.593,-11.993],[47.593,-12.993],[-47.593,-12.993],[-48.593,-11.993],[-48.593,11.993],[-47.593,12.993],[47.593,12.993],[48.593,11.993]],"c":true}},"nm":"Path 2","hd":false},{"ty":"mm","mm":1,"nm":"Merge Paths 1","hd":false},{"ty":"fl","c":{"a":0,"k":[1,1,1,1]},"o":{"a":0,"k":100},"r":1,"bm":0,"nm":"Fill 1","hd":false},{"ty":"gr","it":[{"ind":0,"ty":"sh","ks":{"a":0,"k":{"i":[[0,0],[0,-1.104],[0,0],[-1.104,0],[0,0],[0,1.104],[0,0],[1.104,0]],"o":[[-1.104,0],[0,0],[0,1.104],[0,0],[1.104,0],[0,0],[0,-1.104],[0,0]],"v":[[-49.852,-16.243],[-51.852,-14.243],[-51.852,14.242],[-49.852,16.242],[49.852,16.242],[51.852,14.242],[51.852,-14.243],[49.852,-16.243]],"c":true}},"nm":"Path 1","hd":false},{"ind":1,"ty":"sh","ks":{"a":0,"k":{"i":[[0,0],[0.552,0],[0,0],[0,-0.552],[0,0],[-0.552,0],[0,0],[0,0.553]],"o":[[0,-0.552],[0,0],[-0.552,0],[0,0],[0,0.553],[0,0],[0.552,0],[0,0]],"v":[[48.593,-11.993],[47.593,-12.993],[-47.593,-12.993],[-48.593,-11.993],[-48.593,11.993],[-47.593,12.993],[47.593,12.993],[48.593,11.993]],"c":true}},"nm":"Path 2","hd":false},{"ty":"mm","mm":1,"nm":"Merge Paths 1","hd":false},{"ty":"fl","c":{"a":0,"k":[1,1,1,1]},"o":{"a":0,"k":100},"r":1,"bm":0,"nm":"Fill 1","hd":false},{"ty":"tr","p":{"a":0,"k":[160,119.602]},"a":{"a":0,"k":[0,0]},"s":{"a":0,"k":[100,100]},"r":{"a":0,"k":0},"o":{"a":0,"k":100},"sk":{"a":0,"k":0},"sa":{"a":0,"k":0},"nm":"Transform"}],"nm":"Group 8","bm":0,"hd":false},{"ty":"tr","p":{"a":0,"k":[160,119.602]},"a":{"a":0,"k":[0,0]},"s":{"a":0,"k":[100,100]},"r":{"a":0,"k":0},"o":{"a":0,"k":100},"sk":{"a":0,"k":0},"sa":{"a":0,"k":0},"nm":"Transform"}],"nm":"Group 9","bm":0,"hd":false},{"ty":"gr","it":[{"ind":0,"ty":"sh","ks":{"a":0,"k":{"i":[[0,0],[0,-1.104],[0,0],[-1.104,0],[0,0],[0,1.104],[0,0],[1.104,0]],"o":[[-1.104,0],[0,0],[0,1.104],[0,0],[1.104,0],[0,0],[0,-1.104],[0,0]],"v":[[-49.852,-16.243],[-51.852,-14.243],[-51.852,14.242],[-49.852,16.242],[49.852,16.242],[51.852,14.242],[51.852,-14.243],[49.852,-16.243]],"c":true}},"nm":"Path 1","hd":false},{"ind":1,"ty":"sh","ks":{"a":0,"k":{"i":[[0,0],[0.552,0],[0,0],[0,-0.552],[0,0],[-0.552,0],[0,0],[0,0.553]],"o":[[0,-0.552],[0,0],[-0.552,0],[0,0],[0,0.553],[0,0],[0.552,0],[0,0]],"v":[[48.593,-11.993],[47.593,-12.993],[-47.593,-12.993],[-48.593,-11.993],[-48.593,11.993],[-47.593,12.993],[47.593,12.993],[48.593,11.993]],"c":true}},"nm":"Path 2","hd":false},{"ty":"mm","mm":1,"nm":"Merge Paths 1","hd":false},{"ty":"fl","c":{"a":0,"k":[1,1,1,1]},"o":{"a":0,"k":100},"r":1,"bm":0,"nm":"Fill 1","hd":false},{"ty":"gr","it":[{"ind":0,"ty":"sh","ks":{"a":0,"k":{"i":[[0,0],[0,-1.104],[0,0],[-1.104,0],[0,0],[0,1.104],[0,0],[1.104,0]],"o":[[-1.104,0],[0,0],[0,1.104],[0,0],[1.104,0],[0,0],[0,-1.104],[0,0]],"v":[[-49.852,-16.243],[-51.852,-14.243],[-51.852,14.242],[-49.852,16.242],[49.852,16.242],[51.852,14.242],[51.852,-14.243],[49.852,-16.243]],"c":true}},"nm":"Path 1","hd":false},{"ind":1,"ty":"sh","ks":{"a":0,"k":{"i":[[0,0],[0.552,0],[0,0],[0,-0.552],[0,0],[-0.552,0],[0,0],[0,0.553]],"o":[[0,-0.552],[0,0],[-0.552,0],[0,0],[0,0.553],[0,0],[0.552,0],[0,0]],"v":[[48.593,-11.993],[47.593,-12.993],[-47.593,-12.993],[-48.593,-11.993],[-48.593,11.993],[-47.593,12.993],[47.593,12.993],[48.593,11.993]],"c":true}},"nm":"Path 2","hd":false},{"ty":"mm","mm":1,"nm":"Merge Paths 1","hd":false},{"ty":"fl","c":{"a":0,"k":[1,1,1,1]},"o":{"a":0,"k":100},"r":1,"bm":0,"nm":"Fill 1","hd":false},{"ty":"tr","p":{"a":0,"k":[160,119.602]},"a":{"a":0,"k":[0,0]},"s":{"a":0,"k":[100,100]},"r":{"a":0,"k":0},"o":{"a":0,"k":100},"sk":{"a":0,"k":0},"sa":{"a":0,"k":0},"nm":"Transform"}],"nm":"Group 8","bm":0,"hd":false},{"ty":"gr","it":[{"ind":0,"ty":"sh","ks":{"a":0,"k":{"i":[[0,0],[0,-1.104],[0,0],[-1.104,0],[0,0],[0,1.104],[0,0],[1.104,0]],"o":[[-1.104,0],[0,0],[0,1.104],[0,0],[1.104,0],[0,0],[0,-1.104],[0,0]],"v":[[-49.852,-16.243],[-51.852,-14.243],[-51.852,14.242],[-49.852,16.242],[49.852,16.242],[51.852,14.242],[51.852,-14.243],[49.852,-16.243]],"c":true}},"nm":"Path 1","hd":false},{"ind":1,"ty":"sh","ks":{"a":0,"k":{"i":[[0,0],[0.552,0],[0,0],[0,-0.552],[0,0],[-0.552,0],[0,0],[0,0.553]],"o":[[0,-0.552],[0,0],[-0.552,0],[0,0],[0,0.553],[0,0],[0.552,0],[0,0]],"v":[[48.593,-11.993],[47.593,-12.993],[-47.593,-12.993],[-48.593,-11.993],[-48.593,11.993],[-47.593,12.993],[47.593,12.993],[48.593,11.993]],"c":true}},"nm":"Path 2","hd":false},{"ty":"mm","mm":1,"nm":"Merge Paths 1","hd":false},{"ty":"fl","c":{"a":0,"k":[1,1,1,1]},"o":{"a":0,"k":100},"r":1,"bm":0,"nm":"Fill 1","hd":false},{"ty":"gr","it":[{"ind":0,"ty":"sh","ks":{"a":0,"k":{"i":[[0,0],[0,-1.104],[0,0],[-1.104,0],[0,0],[0,1.104],[0,0],[1.104,0]],"o":[[-1.104,0],[0,0],[0,1.104],[0,0],[1.104,0],[0,0],[0,-1.104],[0,0]],"v":[[-49.852,-16.243],[-51.852,-14.243],[-51.852,14.242],[-49.852,16.242],[49.852,16.242],[51.852,14.242],[51.852,-14.243],[49.852,-16.243]],"c":true}},"nm":"Path 1","hd":false},{"ind":1,"ty":"sh","ks":{"a":0,"k":{"i":[[0,0],[0.552,0],[0,0],[0,-0.552],[0,0],[-0.552,0],[0,0],[0,0.553]],"o":[[0,-0.552],[0,0],[-0.552,0],[0,0],[0,0.553],[0,0],[0.552,0],[0,0]],"v":[[48.593,-11.993],[47.593,-12.993],[-47.593,-12.993],[-48.593,-11.993],[-48.593,11.993],[-47.593,12.993],[47.593,12.993],[48.593,11.993]],"c":true}},"nm":"Path 2","hd":false},{"ty":"mm","mm":1,"nm":"Merge Paths 1","hd":false},{"ty":"fl","c":{"a":0,"k":[1,1,1,1]},"o":{"a":0,"k":100},"r":1,"bm":0,"nm":"Fill 1","hd":false},{"ty":"tr","p":{"a":0,"k":[160,119.602]},"a":{"a":0,"k":[0,0]},"s":{"a":0,"k":[100,100]},"r":{"a":0,"k":0},"o":{"a":0,"k":100},"sk":{"a":0,"k":0},"sa":{"a":0,"k":0},"nm":"Transform"}],"nm":"Group 8","bm":0,"hd":false},{"ty":"tr","p":{"a":0,"k":[160,119.602]},"a":{"a":0,"k":[0,0]},"s":{"a":0,"k":[100,100]},"r":{"a":0,"k":0},"o":{"a":0,"k":100},"sk":{"a":0,"k":0},"sa":{"a":0,"k":0},"nm":"Transform"}],"nm":"Group 9","bm":0,"hd":false},{"ty":"tr","p":{"a":0,"k":[160,119.602]},"a":{"a":0,"k":[0,0]},"s":{"a":0,"k":[100,100]},"r":{"a":0,"k":0},"o":{"a":0,"k":100},"sk":{"a":0,"k":0},"sa":{"a":0,"k":0},"nm":"Transform"}],"nm":"Group 10","bm":0,"hd":false},{"ty":"gr","it":[{"ind":0,"ty":"sh","ks":{"a":0,"k":{"i":[[0,0],[0,-1.104],[0,0],[-1.104,0],[0,0],[0,1.104],[0,0],[1.104,0]],"o":[[-1.104,0],[0,0],[0,1.104],[0,0],[1.104,0],[0,0],[0,-1.104],[0,0]],"v":[[-49.852,-16.243],[-51.852,-14.243],[-51.852,14.242],[-49.852,16.242],[49.852,16.242],[51.852,14.242],[51.852,-14.243],[49.852,-16.243]],"c":true}},"nm":"Path 1","hd":false},{"ind":1,"ty":"sh","ks":{"a":0,"k":{"i":[[0,0],[0.552,0],[0,0],[0,-0.552],[0,0],[-0.552,0],[0,0],[0,0.553]],"o":[[0,-0.552],[0,0],[-0.552,0],[0,0],[0,0.553],[0,0],[0.552,0],[0,0]],"v":[[48.593,-11.993],[47.593,-12.993],[-47.593,-12.993],[-48.593,-11.993],[-48.593,11.993],[-47.593,12.993],[47.593,12.993],[48.593,11.993]],"c":true}},"nm":"Path 2","hd":false},{"ty":"mm","mm":1,"nm":"Merge Paths 1","hd":false},{"ty":"fl","c":{"a":0,"k":[1,1,1,1]},"o":{"a":0,"k":100},"r":1,"bm":0,"nm":"Fill 1","hd":false},{"ty":"gr","it":[{"ind":0,"ty":"sh","ks":{"a":0,"k":{"i":[[0,0],[0,-1.104],[0,0],[-1.104,0],[0,0],[0,1.104],[0,0],[1.104,0]],"o":[[-1.104,0],[0,0],[0,1.104],[0,0],[1.104,0],[0,0],[0,-1.104],[0,0]],"v":[[-49.852,-16.243],[-51.852,-14.243],[-51.852,14.242],[-49.852,16.242],[49.852,16.242],[51.852,14.242],[51.852,-14.243],[49.852,-16.243]],"c":true}},"nm":"Path 1","hd":false},{"ind":1,"ty":"sh","ks":{"a":0,"k":{"i":[[0,0],[0.552,0],[0,0],[0,-0.552],[0,0],[-0.552,0],[0,0],[0,0.553]],"o":[[0,-0.552],[0,0],[-0.552,0],[0,0],[0,0.553],[0,0],[0.552,0],[0,0]],"v":[[48.593,-11.993],[47.593,-12.993],[-47.593,-12.993],[-48.593,-11.993],[-48.593,11.993],[-47.593,12.993],[47.593,12.993],[48.593,11.993]],"c":true}},"nm":"Path 2","hd":false},{"ty":"mm","mm":1,"nm":"Merge Paths 1","hd":false},{"ty":"fl","c":{"a":0,"k":[1,1,1,1]},"o":{"a":0,"k":100},"r":1,"bm":0,"nm":"Fill 1","hd":false},{"ty":"tr","p":{"a":0,"k":[160,119.602]},"a":{"a":0,"k":[0,0]},"s":{"a":0,"k":[100,100]},"r":{"a":0,"k":0},"o":{"a":0,"k":100},"sk":{"a":0,"k":0},"sa":{"a":0,"k":0},"nm":"Transform"}],"nm":"Group 8","bm":0,"hd":false},{"ty":"gr","it":[{"ind":0,"ty":"sh","ks":{"a":0,"k":{"i":[[0,0],[0,-1.104],[0,0],[-1.104,0],[0,0],[0,1.104],[0,0],[1.104,0]],"o":[[-1.104,0],[0,0],[0,1.104],[0,0],[1.104,0],[0,0],[0,-1.104],[0,0]],"v":[[-49.852,-16.243],[-51.852,-14.243],[-51.852,14.242],[-49.852,16.242],[49.852,16.242],[51.852,14.242],[51.852,-14.243],[49.852,-16.243]],"c":true}},"nm":"Path 1","hd":false},{"ind":1,"ty":"sh","ks":{"a":0,"k":{"i":[[0,0],[0.552,0],[0,0],[0,-0.552],[0,0],[-0.552,0],[0,0],[0,0.553]],"o":[[0,-0.552],[0,0],[-0.552,0],[0,0],[0,0.553],[0,0],[0.552,0],[0,0]],"v":[[48.593,-11.993],[47.593,-12.993],[-47.593,-12.993],[-48.593,-11.993],[-48.593,11.993],[-47.593,12.993],[47.593,12.993],[48.593,11.993]],"c":true}},"nm":"Path 2","hd":false},{"ty":"mm","mm":1,"nm":"Merge Paths 1","hd":false},{"ty":"fl","c":{"a":0,"k":[1,1,1,1]},"o":{"a":0,"k":100},"r":1,"bm":0,"nm":"Fill 1","hd":false},{"ty":"gr","it":[{"ind":0,"ty":"sh","ks":{"a":0,"k":{"i":[[0,0],[0,-1.104],[0,0],[-1.104,0],[0,0],[0,1.104],[0,0],[1.104,0]],"o":[[-1.104,0],[0,0],[0,1.104],[0,0],[1.104,0],[0,0],[0,-1.104],[0,0]],"v":[[-49.852,-16.243],[-51.852,-14.243],[-51.852,14.242],[-49.852,16.242],[49.852,16.242],[51.852,14.242],[51.852,-14.243],[49.852,-16.243]],"c":true}},"nm":"Path 1","hd":false},{"ind":1,"ty":"sh","ks":{"a":0,"k":{"i":[[0,0],[0.552,0],[0,0],[0,-0.552],[0,0],[-0.552,0],[0,0],[0,0.553]],"o":[[0,-0.552],[0,0],[-0.552,0],[0,0],[0,0.553],[0,0],[0.552,0],[0,0]],"v":[[48.593,-11.993],[47.593,-12.993],[-47.593,-12.993],[-48.593,-11.993],[-48.593,11.993],[-47.593,12.993],[47.593,12.993],[48.593,11.993]],"c":true}},"nm":"Path 2","hd":false},{"ty":"mm","mm":1,"nm":"Merge Paths 1","hd":false},{"ty":"fl","c":{"a":0,"k":[1,1,1,1]},"o":{"a":0,"k":100},"r":1,"bm":0,"nm":"Fill 1","hd":false},{"ty":"tr","p":{"a":0,"k":[160,119.602]},"a":{"a":0,"k":[0,0]},"s":{"a":0,"k":[100,100]},"r":{"a":0,"k":0},"o":{"a":0,"k":100},"sk":{"a":0,"k":0},"sa":{"a":0,"k":0},"nm":"Transform"}],"nm":"Group 8","bm":0,"hd":false},{"ty":"tr","p":{"a":0,"k":[160,119.602]},"a":{"a":0,"k":[0,0]},"s":{"a":0,"k":[100,100]},"r":{"a":0,"k":0},"o":{"a":0,"k":100},"sk":{"a":0,"k":0},"sa":{"a":0,"k":0},"nm":"Transform"}],"nm":"Group 9","bm":0,"hd":false},{"ty":"gr","it":[{"ind":0,"ty":"sh","ks":{"a":0,"k":{"i":[[0,0],[0,-1.104],[0,0],[-1.104,0],[0,0],[0,1.104],[0,0],[1.104,0]],"o":[[-1.104,0],[0,0],[0,1.104],[0,0],[1.104,0],[0,0],[0,-1.104],[0,0]],"v":[[-49.852,-16.243],[-51.852,-14.243],[-51.852,14.242],[-49.852,16.242],[49.852,16.242],[51.852,14.242],[51.852,-14.243],[49.852,-16.243]],"c":true}},"nm":"Path 1","hd":false},{"ind":1,"ty":"sh","ks":{"a":0,"k":{"i":[[0,0],[0.552,0],[0,0],[0,-0.552],[0,0],[-0.552,0],[0,0],[0,0.553]],"o":[[0,-0.552],[0,0],[-0.552,0],[0,0],[0,0.553],[0,0],[0.552,0],[0,0]],"v":[[48.593,-11.993],[47.593,-12.993],[-47.593,-12.993],[-48.593,-11.993],[-48.593,11.993],[-47.593,12.993],[47.593,12.993],[48.593,11.993]],"c":true}},"nm":"Path 2","hd":false},{"ty":"mm","mm":1,"nm":"Merge Paths 1","hd":false},{"ty":"fl","c":{"a":0,"k":[1,1,1,1]},"o":{"a":0,"k":100},"r":1,"bm":0,"nm":"Fill 1","hd":false},{"ty":"gr","it":[{"ind":0,"ty":"sh","ks":{"a":0,"k":{"i":[[0,0],[0,-1.104],[0,0],[-1.104,0],[0,0],[0,1.104],[0,0],[1.104,0]],"o":[[-1.104,0],[0,0],[0,1.104],[0,0],[1.104,0],[0,0],[0,-1.104],[0,0]],"v":[[-49.852,-16.243],[-51.852,-14.243],[-51.852,14.242],[-49.852,16.242],[49.852,16.242],[51.852,14.242],[51.852,-14.243],[49.852,-16.243]],"c":true}},"nm":"Path 1","hd":false},{"ind":1,"ty":"sh","ks":{"a":0,"k":{"i":[[0,0],[0.552,0],[0,0],[0,-0.552],[0,0],[-0.552,0],[0,0],[0,0.553]],"o":[[0,-0.552],[0,0],[-0.552,0],[0,0],[0,0.553],[0,0],[0.552,0],[0,0]],"v":[[48.593,-11.993],[47.593,-12.993],[-47.593,-12.993],[-48.593,-11.993],[-48.593,11.993],[-47.593,12.993],[47.593,12.993],[48.593,11.993]],"c":true}},"nm":"Path 2","hd":false},{"ty":"mm","mm":1,"nm":"Merge Paths 1","hd":false},{"ty":"fl","c":{"a":0,"k":[1,1,1,1]},"o":{"a":0,"k":100},"r":1,"bm":0,"nm":"Fill 1","hd":false},{"ty":"tr","p":{"a":0,"k":[160,119.602]},"a":{"a":0,"k":[0,0]},"s":{"a":0,"k":[100,100]},"r":{"a":0,"k":0},"o":{"a":0,"k":100},"sk":{"a":0,"k":0},"sa":{"a":0,"k":0},"nm":"Transform"}],"nm":"Group 8","bm":0,"hd":false},{"ty":"gr","it":[{"ind":0,"ty":"sh","ks":{"a":0,"k":{"i":[[0,0],[0,-1.104],[0,0],[-1.104,0],[0,0],[0,1.104],[0,0],[1.104,0]],"o":[[-1.104,0],[0,0],[0,1.104],[0,0],[1.104,0],[0,0],[0,-1.104],[0,0]],"v":[[-49.852,-16.243],[-51.852,-14.243],[-51.852,14.242],[-49.852,16.242],[49.852,16.242],[51.852,14.242],[51.852,-14.243],[49.852,-16.243]],"c":true}},"nm":"Path 1","hd":false},{"ind":1,"ty":"sh","ks":{"a":0,"k":{"i":[[0,0],[0.552,0],[0,0],[0,-0.552],[0,0],[-0.552,0],[0,0],[0,0.553]],"o":[[0,-0.552],[0,0],[-0.552,0],[0,0],[0,0.553],[0,0],[0.552,0],[0,0]],"v":[[48.593,-11.993],[47.593,-12.993],[-47.593,-12.993],[-48.593,-11.993],[-48.593,11.993],[-47.593,12.993],[47.593,12.993],[48.593,11.993]],"c":true}},"nm":"Path 2","hd":false},{"ty":"mm","mm":1,"nm":"Merge Paths 1","hd":false},{"ty":"fl","c":{"a":0,"k":[1,1,1,1]},"o":{"a":0,"k":100},"r":1,"bm":0,"nm":"Fill 1","hd":false},{"ty":"gr","it":[{"ind":0,"ty":"sh","ks":{"a":0,"k":{"i":[[0,0],[0,-1.104],[0,0],[-1.104,0],[0,0],[0,1.104],[0,0],[1.104,0]],"o":[[-1.104,0],[0,0],[0,1.104],[0,0],[1.104,0],[0,0],[0,-1.104],[0,0]],"v":[[-49.852,-16.243],[-51.852,-14.243],[-51.852,14.242],[-49.852,16.242],[49.852,16.242],[51.852,14.242],[51.852,-14.243],[49.852,-16.243]],"c":true}},"nm":"Path 1","hd":false},{"ind":1,"ty":"sh","ks":{"a":0,"k":{"i":[[0,0],[0.552,0],[0,0],[0,-0.552],[0,0],[-0.552,0],[0,0],[0,0.553]],"o":[[0,-0.552],[0,0],[-0.552,0],[0,0],[0,0.553],[0,0],[0.552,0],[0,0]],"v":[[48.593,-11.993],[47.593,-12.993],[-47.593,-12.993],[-48.593,-11.993],[-48.593,11.993],[-47.593,12.993],[47.593,12.993],[48.593,11.993]],"c":true}},"nm":"Path 2","hd":false},{"ty":"mm","mm":1,"nm":"Merge Paths 1","hd":false},{"ty":"fl","c":{"a":0,"k":[1,1,1,1]},"o":{"a":0,"k":100},"r":1,"bm":0,"nm":"Fill 1","hd":false},{"ty":"tr","p":{"a":0,"k":[160,119.602]},"a":{"a":0,"k":[0,0]},"s":{"a":0,"k":[100,100]},"r":{"a":0,"k":0},"o":{"a":0,"k":100},"sk":{"a":0,"k":0},"sa":{"a":0,"k":0},"nm":"Transform"}],"nm":"Group 8","bm":0,"hd":false},{"ty":"tr","p":{"a":0,"k":[160,119.602]},"a":{"a":0,"k":[0,0]},"s":{"a":0,"k":[100,100]},"r":{"a":0,"k":0},"o":{"a":0,"k":100},"sk":{"a":0,"k":0},"sa":{"a":0,"k":0},"nm":"Transform"}],"nm":"Group 9","bm":0,"hd":false},{"ty":"tr","p":{"a":0,"k":[160,119.602]},"a":{"a":0,"k":[0,0]},"s":{"a":0,"k":[100,100]},"r":{"a":0,"k":0},"o":{"a":0,"k":100},"sk":{"a":0,"k":0},"sa":{"a":0,"k":0},"nm":"Transform"}],"nm":"Group 10","bm":0,"hd":false},{"ty":"tr","p":{"a":0,"k":[160,119.602]},"a":{"a":0,"k":[0,0]},"s":{"a":0,"k":[100,100]},"r":{"a":0,"k":0},"o":{"a":0,"k":100},"sk":{"a":0,"k":0},"sa":{"a":0,"k":0},"nm":"Transform"}],"nm":"Group 11","bm":0,"hd":false},{"ty":"tr","p":{"a":0,"k":[160,119.602]},"a":{"a":0,"k":[0,0]},"s":{"a":0,"k":[100,100]},"r":{"a":0,"k":0},"o":{"a":0,"k":100},"sk":{"a":0,"k":0},"sa":{"a":0,"k":0},"nm":"Transform"}],"nm":"Group 8","bm":0,"hd":false},{"ty":"mm","mm":2,"nm":"Merge Paths 1","hd":false},{"ty":"st","c":{"a":0,"k":[0.850979973288,0.850979973288,0.850979973288,1]},"o":{"a":0,"k":100},"w":{"a":0,"k":0},"lc":1,"lj":1,"ml":4,"bm":0,"nm":"Stroke 1","hd":false},{"ty":"fl","c":{"a":0,"k":[1,1,1,1]},"o":{"a":0,"k":100},"r":1,"bm":0,"nm":"Fill 1","hd":false}],"ip":0,"op":60.0000024438501,"st":0,"bm":0},{"ddd":0,"ind":3,"ty":4,"nm":"store_close Outlines","sr":1,"ks":{"p":{"a":0,"k":[162,96,0]},"a":{"a":0,"k":[160,94.5,0]}},"ao":0,"shapes":[{"ty":"gr","it":[{"ind":0,"ty":"sh","ks":{"a":0,"k":{"i":[[0,0],[0,0],[0,0],[0,0],[0,0],[0,0]],"o":[[0,0],[0,0],[0,0],[0,0],[0,0],[0,0]],"v":[[0,-10.448],[18.346,7.838],[15.727,10.448],[0,-5.228],[-15.728,10.448],[-18.347,7.838]],"c":true}},"nm":"Path 1","hd":false},{"ty":"fl","c":{"a":0,"k":[0.850980451995,0.850980451995,0.850980451995,1]},"o":{"a":0,"k":100},"r":1,"bm":0,"nm":"Fill 1","hd":false},{"ty":"tr","p":{"a":0,"k":[160.741,96.431]},"a":{"a":0,"k":[0,0]},"s":{"a":0,"k":[100,100]},"r":{"a":0,"k":0},"o":{"a":0,"k":100},"sk":{"a":0,"k":0},"sa":{"a":0,"k":0},"nm":"Transform"}],"nm":"Group 1","bm":0,"hd":false},{"ty":"gr","it":[{"ind":0,"ty":"sh","ks":{"a":0,"k":{"i":[[0,0],[0,-1.104],[0,0],[-1.104,0],[0,0],[0,1.104],[0,0],[1.104,0]],"o":[[-1.104,0],[0,0],[0,1.104],[0,0],[1.104,0],[0,0],[0,-1.104],[0,0]],"v":[[-49.852,-16.243],[-51.852,-14.243],[-51.852,14.242],[-49.852,16.242],[49.852,16.242],[51.852,14.242],[51.852,-14.243],[49.852,-16.243]],"c":true}},"nm":"Path 1","hd":false},{"ind":1,"ty":"sh","ks":{"a":0,"k":{"i":[[0,0],[0.552,0],[0,0],[0,-0.552],[0,0],[-0.552,0],[0,0],[0,0.553]],"o":[[0,-0.552],[0,0],[-0.552,0],[0,0],[0,0.553],[0,0],[0.552,0],[0,0]],"v":[[48.593,-11.993],[47.593,-12.993],[-47.593,-12.993],[-48.593,-11.993],[-48.593,11.993],[-47.593,12.993],[47.593,12.993],[48.593,11.993]],"c":true}},"nm":"Path 2","hd":false},{"ty":"mm","mm":1,"nm":"Merge Paths 1","hd":false},{"ty":"fl","c":{"a":0,"k":[0.850980451995,0.850980451995,0.850980451995,1]},"o":{"a":0,"k":100},"r":1,"bm":0,"nm":"Fill 1","hd":false},{"ty":"gr","it":[{"ind":0,"ty":"sh","ks":{"a":0,"k":{"i":[[0,0],[0,-1.104],[0,0],[-1.104,0],[0,0],[0,1.104],[0,0],[1.104,0]],"o":[[-1.104,0],[0,0],[0,1.104],[0,0],[1.104,0],[0,0],[0,-1.104],[0,0]],"v":[[-49.852,-16.243],[-51.852,-14.243],[-51.852,14.242],[-49.852,16.242],[49.852,16.242],[51.852,14.242],[51.852,-14.243],[49.852,-16.243]],"c":true}},"nm":"Path 1","hd":false},{"ind":1,"ty":"sh","ks":{"a":0,"k":{"i":[[0,0],[0.552,0],[0,0],[0,-0.552],[0,0],[-0.552,0],[0,0],[0,0.553]],"o":[[0,-0.552],[0,0],[-0.552,0],[0,0],[0,0.553],[0,0],[0.552,0],[0,0]],"v":[[48.593,-11.993],[47.593,-12.993],[-47.593,-12.993],[-48.593,-11.993],[-48.593,11.993],[-47.593,12.993],[47.593,12.993],[48.593,11.993]],"c":true}},"nm":"Path 2","hd":false},{"ty":"mm","mm":1,"nm":"Merge Paths 1","hd":false},{"ty":"fl","c":{"a":0,"k":[0.850980451995,0.850980451995,0.850980451995,1]},"o":{"a":0,"k":100},"r":1,"bm":0,"nm":"Fill 1","hd":false},{"ty":"tr","p":{"a":0,"k":[160,119.602]},"a":{"a":0,"k":[0,0]},"s":{"a":0,"k":[100,100]},"r":{"a":0,"k":0},"o":{"a":0,"k":100},"sk":{"a":0,"k":0},"sa":{"a":0,"k":0},"nm":"Transform"}],"nm":"Group 8","bm":0,"hd":false},{"ty":"gr","it":[{"ind":0,"ty":"sh","ks":{"a":0,"k":{"i":[[0,0],[0,-1.104],[0,0],[-1.104,0],[0,0],[0,1.104],[0,0],[1.104,0]],"o":[[-1.104,0],[0,0],[0,1.104],[0,0],[1.104,0],[0,0],[0,-1.104],[0,0]],"v":[[-49.852,-16.243],[-51.852,-14.243],[-51.852,14.242],[-49.852,16.242],[49.852,16.242],[51.852,14.242],[51.852,-14.243],[49.852,-16.243]],"c":true}},"nm":"Path 1","hd":false},{"ind":1,"ty":"sh","ks":{"a":0,"k":{"i":[[0,0],[0.552,0],[0,0],[0,-0.552],[0,0],[-0.552,0],[0,0],[0,0.553]],"o":[[0,-0.552],[0,0],[-0.552,0],[0,0],[0,0.553],[0,0],[0.552,0],[0,0]],"v":[[48.593,-11.993],[47.593,-12.993],[-47.593,-12.993],[-48.593,-11.993],[-48.593,11.993],[-47.593,12.993],[47.593,12.993],[48.593,11.993]],"c":true}},"nm":"Path 2","hd":false},{"ty":"mm","mm":1,"nm":"Merge Paths 1","hd":false},{"ty":"fl","c":{"a":0,"k":[0.850980451995,0.850980451995,0.850980451995,1]},"o":{"a":0,"k":100},"r":1,"bm":0,"nm":"Fill 1","hd":false},{"ty":"gr","it":[{"ind":0,"ty":"sh","ks":{"a":0,"k":{"i":[[0,0],[0,-1.104],[0,0],[-1.104,0],[0,0],[0,1.104],[0,0],[1.104,0]],"o":[[-1.104,0],[0,0],[0,1.104],[0,0],[1.104,0],[0,0],[0,-1.104],[0,0]],"v":[[-49.852,-16.243],[-51.852,-14.243],[-51.852,14.242],[-49.852,16.242],[49.852,16.242],[51.852,14.242],[51.852,-14.243],[49.852,-16.243]],"c":true}},"nm":"Path 1","hd":false},{"ind":1,"ty":"sh","ks":{"a":0,"k":{"i":[[0,0],[0.552,0],[0,0],[0,-0.552],[0,0],[-0.552,0],[0,0],[0,0.553]],"o":[[0,-0.552],[0,0],[-0.552,0],[0,0],[0,0.553],[0,0],[0.552,0],[0,0]],"v":[[48.593,-11.993],[47.593,-12.993],[-47.593,-12.993],[-48.593,-11.993],[-48.593,11.993],[-47.593,12.993],[47.593,12.993],[48.593,11.993]],"c":true}},"nm":"Path 2","hd":false},{"ty":"mm","mm":1,"nm":"Merge Paths 1","hd":false},{"ty":"fl","c":{"a":0,"k":[0.850980451995,0.850980451995,0.850980451995,1]},"o":{"a":0,"k":100},"r":1,"bm":0,"nm":"Fill 1","hd":false},{"ty":"tr","p":{"a":0,"k":[160,119.602]},"a":{"a":0,"k":[0,0]},"s":{"a":0,"k":[100,100]},"r":{"a":0,"k":0},"o":{"a":0,"k":100},"sk":{"a":0,"k":0},"sa":{"a":0,"k":0},"nm":"Transform"}],"nm":"Group 8","bm":0,"hd":false},{"ty":"tr","p":{"a":0,"k":[160,119.602]},"a":{"a":0,"k":[0,0]},"s":{"a":0,"k":[100,100]},"r":{"a":0,"k":0},"o":{"a":0,"k":100},"sk":{"a":0,"k":0},"sa":{"a":0,"k":0},"nm":"Transform"}],"nm":"Group 9","bm":0,"hd":false},{"ty":"gr","it":[{"ind":0,"ty":"sh","ks":{"a":0,"k":{"i":[[0,0],[0,-1.104],[0,0],[-1.104,0],[0,0],[0,1.104],[0,0],[1.104,0]],"o":[[-1.104,0],[0,0],[0,1.104],[0,0],[1.104,0],[0,0],[0,-1.104],[0,0]],"v":[[-49.852,-16.243],[-51.852,-14.243],[-51.852,14.242],[-49.852,16.242],[49.852,16.242],[51.852,14.242],[51.852,-14.243],[49.852,-16.243]],"c":true}},"nm":"Path 1","hd":false},{"ind":1,"ty":"sh","ks":{"a":0,"k":{"i":[[0,0],[0.552,0],[0,0],[0,-0.552],[0,0],[-0.552,0],[0,0],[0,0.553]],"o":[[0,-0.552],[0,0],[-0.552,0],[0,0],[0,0.553],[0,0],[0.552,0],[0,0]],"v":[[48.593,-11.993],[47.593,-12.993],[-47.593,-12.993],[-48.593,-11.993],[-48.593,11.993],[-47.593,12.993],[47.593,12.993],[48.593,11.993]],"c":true}},"nm":"Path 2","hd":false},{"ty":"mm","mm":1,"nm":"Merge Paths 1","hd":false},{"ty":"fl","c":{"a":0,"k":[0.850980451995,0.850980451995,0.850980451995,1]},"o":{"a":0,"k":100},"r":1,"bm":0,"nm":"Fill 1","hd":false},{"ty":"gr","it":[{"ind":0,"ty":"sh","ks":{"a":0,"k":{"i":[[0,0],[0,-1.104],[0,0],[-1.104,0],[0,0],[0,1.104],[0,0],[1.104,0]],"o":[[-1.104,0],[0,0],[0,1.104],[0,0],[1.104,0],[0,0],[0,-1.104],[0,0]],"v":[[-49.852,-16.243],[-51.852,-14.243],[-51.852,14.242],[-49.852,16.242],[49.852,16.242],[51.852,14.242],[51.852,-14.243],[49.852,-16.243]],"c":true}},"nm":"Path 1","hd":false},{"ind":1,"ty":"sh","ks":{"a":0,"k":{"i":[[0,0],[0.552,0],[0,0],[0,-0.552],[0,0],[-0.552,0],[0,0],[0,0.553]],"o":[[0,-0.552],[0,0],[-0.552,0],[0,0],[0,0.553],[0,0],[0.552,0],[0,0]],"v":[[48.593,-11.993],[47.593,-12.993],[-47.593,-12.993],[-48.593,-11.993],[-48.593,11.993],[-47.593,12.993],[47.593,12.993],[48.593,11.993]],"c":true}},"nm":"Path 2","hd":false},{"ty":"mm","mm":1,"nm":"Merge Paths 1","hd":false},{"ty":"fl","c":{"a":0,"k":[0.850980451995,0.850980451995,0.850980451995,1]},"o":{"a":0,"k":100},"r":1,"bm":0,"nm":"Fill 1","hd":false},{"ty":"tr","p":{"a":0,"k":[160,119.602]},"a":{"a":0,"k":[0,0]},"s":{"a":0,"k":[100,100]},"r":{"a":0,"k":0},"o":{"a":0,"k":100},"sk":{"a":0,"k":0},"sa":{"a":0,"k":0},"nm":"Transform"}],"nm":"Group 8","bm":0,"hd":false},{"ty":"gr","it":[{"ind":0,"ty":"sh","ks":{"a":0,"k":{"i":[[0,0],[0,-1.104],[0,0],[-1.104,0],[0,0],[0,1.104],[0,0],[1.104,0]],"o":[[-1.104,0],[0,0],[0,1.104],[0,0],[1.104,0],[0,0],[0,-1.104],[0,0]],"v":[[-49.852,-16.243],[-51.852,-14.243],[-51.852,14.242],[-49.852,16.242],[49.852,16.242],[51.852,14.242],[51.852,-14.243],[49.852,-16.243]],"c":true}},"nm":"Path 1","hd":false},{"ind":1,"ty":"sh","ks":{"a":0,"k":{"i":[[0,0],[0.552,0],[0,0],[0,-0.552],[0,0],[-0.552,0],[0,0],[0,0.553]],"o":[[0,-0.552],[0,0],[-0.552,0],[0,0],[0,0.553],[0,0],[0.552,0],[0,0]],"v":[[48.593,-11.993],[47.593,-12.993],[-47.593,-12.993],[-48.593,-11.993],[-48.593,11.993],[-47.593,12.993],[47.593,12.993],[48.593,11.993]],"c":true}},"nm":"Path 2","hd":false},{"ty":"mm","mm":1,"nm":"Merge Paths 1","hd":false},{"ty":"fl","c":{"a":0,"k":[0.850980451995,0.850980451995,0.850980451995,1]},"o":{"a":0,"k":100},"r":1,"bm":0,"nm":"Fill 1","hd":false},{"ty":"gr","it":[{"ind":0,"ty":"sh","ks":{"a":0,"k":{"i":[[0,0],[0,-1.104],[0,0],[-1.104,0],[0,0],[0,1.104],[0,0],[1.104,0]],"o":[[-1.104,0],[0,0],[0,1.104],[0,0],[1.104,0],[0,0],[0,-1.104],[0,0]],"v":[[-49.852,-16.243],[-51.852,-14.243],[-51.852,14.242],[-49.852,16.242],[49.852,16.242],[51.852,14.242],[51.852,-14.243],[49.852,-16.243]],"c":true}},"nm":"Path 1","hd":false},{"ind":1,"ty":"sh","ks":{"a":0,"k":{"i":[[0,0],[0.552,0],[0,0],[0,-0.552],[0,0],[-0.552,0],[0,0],[0,0.553]],"o":[[0,-0.552],[0,0],[-0.552,0],[0,0],[0,0.553],[0,0],[0.552,0],[0,0]],"v":[[48.593,-11.993],[47.593,-12.993],[-47.593,-12.993],[-48.593,-11.993],[-48.593,11.993],[-47.593,12.993],[47.593,12.993],[48.593,11.993]],"c":true}},"nm":"Path 2","hd":false},{"ty":"mm","mm":1,"nm":"Merge Paths 1","hd":false},{"ty":"fl","c":{"a":0,"k":[0.850980451995,0.850980451995,0.850980451995,1]},"o":{"a":0,"k":100},"r":1,"bm":0,"nm":"Fill 1","hd":false},{"ty":"tr","p":{"a":0,"k":[160,119.602]},"a":{"a":0,"k":[0,0]},"s":{"a":0,"k":[100,100]},"r":{"a":0,"k":0},"o":{"a":0,"k":100},"sk":{"a":0,"k":0},"sa":{"a":0,"k":0},"nm":"Transform"}],"nm":"Group 8","bm":0,"hd":false},{"ty":"tr","p":{"a":0,"k":[160,119.602]},"a":{"a":0,"k":[0,0]},"s":{"a":0,"k":[100,100]},"r":{"a":0,"k":0},"o":{"a":0,"k":100},"sk":{"a":0,"k":0},"sa":{"a":0,"k":0},"nm":"Transform"}],"nm":"Group 9","bm":0,"hd":false},{"ty":"tr","p":{"a":0,"k":[160,119.602]},"a":{"a":0,"k":[0,0]},"s":{"a":0,"k":[100,100]},"r":{"a":0,"k":0},"o":{"a":0,"k":100},"sk":{"a":0,"k":0},"sa":{"a":0,"k":0},"nm":"Transform"}],"nm":"Group 10","bm":0,"hd":false},{"ty":"gr","it":[{"ind":0,"ty":"sh","ks":{"a":0,"k":{"i":[[0,0],[0,-1.104],[0,0],[-1.104,0],[0,0],[0,1.104],[0,0],[1.104,0]],"o":[[-1.104,0],[0,0],[0,1.104],[0,0],[1.104,0],[0,0],[0,-1.104],[0,0]],"v":[[-49.852,-16.243],[-51.852,-14.243],[-51.852,14.242],[-49.852,16.242],[49.852,16.242],[51.852,14.242],[51.852,-14.243],[49.852,-16.243]],"c":true}},"nm":"Path 1","hd":false},{"ind":1,"ty":"sh","ks":{"a":0,"k":{"i":[[0,0],[0.552,0],[0,0],[0,-0.552],[0,0],[-0.552,0],[0,0],[0,0.553]],"o":[[0,-0.552],[0,0],[-0.552,0],[0,0],[0,0.553],[0,0],[0.552,0],[0,0]],"v":[[48.593,-11.993],[47.593,-12.993],[-47.593,-12.993],[-48.593,-11.993],[-48.593,11.993],[-47.593,12.993],[47.593,12.993],[48.593,11.993]],"c":true}},"nm":"Path 2","hd":false},{"ty":"mm","mm":1,"nm":"Merge Paths 1","hd":false},{"ty":"fl","c":{"a":0,"k":[0.850980451995,0.850980451995,0.850980451995,1]},"o":{"a":0,"k":100},"r":1,"bm":0,"nm":"Fill 1","hd":false},{"ty":"gr","it":[{"ind":0,"ty":"sh","ks":{"a":0,"k":{"i":[[0,0],[0,-1.104],[0,0],[-1.104,0],[0,0],[0,1.104],[0,0],[1.104,0]],"o":[[-1.104,0],[0,0],[0,1.104],[0,0],[1.104,0],[0,0],[0,-1.104],[0,0]],"v":[[-49.852,-16.243],[-51.852,-14.243],[-51.852,14.242],[-49.852,16.242],[49.852,16.242],[51.852,14.242],[51.852,-14.243],[49.852,-16.243]],"c":true}},"nm":"Path 1","hd":false},{"ind":1,"ty":"sh","ks":{"a":0,"k":{"i":[[0,0],[0.552,0],[0,0],[0,-0.552],[0,0],[-0.552,0],[0,0],[0,0.553]],"o":[[0,-0.552],[0,0],[-0.552,0],[0,0],[0,0.553],[0,0],[0.552,0],[0,0]],"v":[[48.593,-11.993],[47.593,-12.993],[-47.593,-12.993],[-48.593,-11.993],[-48.593,11.993],[-47.593,12.993],[47.593,12.993],[48.593,11.993]],"c":true}},"nm":"Path 2","hd":false},{"ty":"mm","mm":1,"nm":"Merge Paths 1","hd":false},{"ty":"fl","c":{"a":0,"k":[0.850980451995,0.850980451995,0.850980451995,1]},"o":{"a":0,"k":100},"r":1,"bm":0,"nm":"Fill 1","hd":false},{"ty":"tr","p":{"a":0,"k":[160,119.602]},"a":{"a":0,"k":[0,0]},"s":{"a":0,"k":[100,100]},"r":{"a":0,"k":0},"o":{"a":0,"k":100},"sk":{"a":0,"k":0},"sa":{"a":0,"k":0},"nm":"Transform"}],"nm":"Group 8","bm":0,"hd":false},{"ty":"gr","it":[{"ind":0,"ty":"sh","ks":{"a":0,"k":{"i":[[0,0],[0,-1.104],[0,0],[-1.104,0],[0,0],[0,1.104],[0,0],[1.104,0]],"o":[[-1.104,0],[0,0],[0,1.104],[0,0],[1.104,0],[0,0],[0,-1.104],[0,0]],"v":[[-49.852,-16.243],[-51.852,-14.243],[-51.852,14.242],[-49.852,16.242],[49.852,16.242],[51.852,14.242],[51.852,-14.243],[49.852,-16.243]],"c":true}},"nm":"Path 1","hd":false},{"ind":1,"ty":"sh","ks":{"a":0,"k":{"i":[[0,0],[0.552,0],[0,0],[0,-0.552],[0,0],[-0.552,0],[0,0],[0,0.553]],"o":[[0,-0.552],[0,0],[-0.552,0],[0,0],[0,0.553],[0,0],[0.552,0],[0,0]],"v":[[48.593,-11.993],[47.593,-12.993],[-47.593,-12.993],[-48.593,-11.993],[-48.593,11.993],[-47.593,12.993],[47.593,12.993],[48.593,11.993]],"c":true}},"nm":"Path 2","hd":false},{"ty":"mm","mm":1,"nm":"Merge Paths 1","hd":false},{"ty":"fl","c":{"a":0,"k":[0.850980451995,0.850980451995,0.850980451995,1]},"o":{"a":0,"k":100},"r":1,"bm":0,"nm":"Fill 1","hd":false},{"ty":"gr","it":[{"ind":0,"ty":"sh","ks":{"a":0,"k":{"i":[[0,0],[0,-1.104],[0,0],[-1.104,0],[0,0],[0,1.104],[0,0],[1.104,0]],"o":[[-1.104,0],[0,0],[0,1.104],[0,0],[1.104,0],[0,0],[0,-1.104],[0,0]],"v":[[-49.852,-16.243],[-51.852,-14.243],[-51.852,14.242],[-49.852,16.242],[49.852,16.242],[51.852,14.242],[51.852,-14.243],[49.852,-16.243]],"c":true}},"nm":"Path 1","hd":false},{"ind":1,"ty":"sh","ks":{"a":0,"k":{"i":[[0,0],[0.552,0],[0,0],[0,-0.552],[0,0],[-0.552,0],[0,0],[0,0.553]],"o":[[0,-0.552],[0,0],[-0.552,0],[0,0],[0,0.553],[0,0],[0.552,0],[0,0]],"v":[[48.593,-11.993],[47.593,-12.993],[-47.593,-12.993],[-48.593,-11.993],[-48.593,11.993],[-47.593,12.993],[47.593,12.993],[48.593,11.993]],"c":true}},"nm":"Path 2","hd":false},{"ty":"mm","mm":1,"nm":"Merge Paths 1","hd":false},{"ty":"fl","c":{"a":0,"k":[0.850980451995,0.850980451995,0.850980451995,1]},"o":{"a":0,"k":100},"r":1,"bm":0,"nm":"Fill 1","hd":false},{"ty":"tr","p":{"a":0,"k":[160,119.602]},"a":{"a":0,"k":[0,0]},"s":{"a":0,"k":[100,100]},"r":{"a":0,"k":0},"o":{"a":0,"k":100},"sk":{"a":0,"k":0},"sa":{"a":0,"k":0},"nm":"Transform"}],"nm":"Group 8","bm":0,"hd":false},{"ty":"tr","p":{"a":0,"k":[160,119.602]},"a":{"a":0,"k":[0,0]},"s":{"a":0,"k":[100,100]},"r":{"a":0,"k":0},"o":{"a":0,"k":100},"sk":{"a":0,"k":0},"sa":{"a":0,"k":0},"nm":"Transform"}],"nm":"Group 9","bm":0,"hd":false},{"ty":"gr","it":[{"ind":0,"ty":"sh","ks":{"a":0,"k":{"i":[[0,0],[0,-1.104],[0,0],[-1.104,0],[0,0],[0,1.104],[0,0],[1.104,0]],"o":[[-1.104,0],[0,0],[0,1.104],[0,0],[1.104,0],[0,0],[0,-1.104],[0,0]],"v":[[-49.852,-16.243],[-51.852,-14.243],[-51.852,14.242],[-49.852,16.242],[49.852,16.242],[51.852,14.242],[51.852,-14.243],[49.852,-16.243]],"c":true}},"nm":"Path 1","hd":false},{"ind":1,"ty":"sh","ks":{"a":0,"k":{"i":[[0,0],[0.552,0],[0,0],[0,-0.552],[0,0],[-0.552,0],[0,0],[0,0.553]],"o":[[0,-0.552],[0,0],[-0.552,0],[0,0],[0,0.553],[0,0],[0.552,0],[0,0]],"v":[[48.593,-11.993],[47.593,-12.993],[-47.593,-12.993],[-48.593,-11.993],[-48.593,11.993],[-47.593,12.993],[47.593,12.993],[48.593,11.993]],"c":true}},"nm":"Path 2","hd":false},{"ty":"mm","mm":1,"nm":"Merge Paths 1","hd":false},{"ty":"fl","c":{"a":0,"k":[0.850980451995,0.850980451995,0.850980451995,1]},"o":{"a":0,"k":100},"r":1,"bm":0,"nm":"Fill 1","hd":false},{"ty":"gr","it":[{"ind":0,"ty":"sh","ks":{"a":0,"k":{"i":[[0,0],[0,-1.104],[0,0],[-1.104,0],[0,0],[0,1.104],[0,0],[1.104,0]],"o":[[-1.104,0],[0,0],[0,1.104],[0,0],[1.104,0],[0,0],[0,-1.104],[0,0]],"v":[[-49.852,-16.243],[-51.852,-14.243],[-51.852,14.242],[-49.852,16.242],[49.852,16.242],[51.852,14.242],[51.852,-14.243],[49.852,-16.243]],"c":true}},"nm":"Path 1","hd":false},{"ind":1,"ty":"sh","ks":{"a":0,"k":{"i":[[0,0],[0.552,0],[0,0],[0,-0.552],[0,0],[-0.552,0],[0,0],[0,0.553]],"o":[[0,-0.552],[0,0],[-0.552,0],[0,0],[0,0.553],[0,0],[0.552,0],[0,0]],"v":[[48.593,-11.993],[47.593,-12.993],[-47.593,-12.993],[-48.593,-11.993],[-48.593,11.993],[-47.593,12.993],[47.593,12.993],[48.593,11.993]],"c":true}},"nm":"Path 2","hd":false},{"ty":"mm","mm":1,"nm":"Merge Paths 1","hd":false},{"ty":"fl","c":{"a":0,"k":[0.850980451995,0.850980451995,0.850980451995,1]},"o":{"a":0,"k":100},"r":1,"bm":0,"nm":"Fill 1","hd":false},{"ty":"tr","p":{"a":0,"k":[160,119.602]},"a":{"a":0,"k":[0,0]},"s":{"a":0,"k":[100,100]},"r":{"a":0,"k":0},"o":{"a":0,"k":100},"sk":{"a":0,"k":0},"sa":{"a":0,"k":0},"nm":"Transform"}],"nm":"Group 8","bm":0,"hd":false},{"ty":"gr","it":[{"ind":0,"ty":"sh","ks":{"a":0,"k":{"i":[[0,0],[0,-1.104],[0,0],[-1.104,0],[0,0],[0,1.104],[0,0],[1.104,0]],"o":[[-1.104,0],[0,0],[0,1.104],[0,0],[1.104,0],[0,0],[0,-1.104],[0,0]],"v":[[-49.852,-16.243],[-51.852,-14.243],[-51.852,14.242],[-49.852,16.242],[49.852,16.242],[51.852,14.242],[51.852,-14.243],[49.852,-16.243]],"c":true}},"nm":"Path 1","hd":false},{"ind":1,"ty":"sh","ks":{"a":0,"k":{"i":[[0,0],[0.552,0],[0,0],[0,-0.552],[0,0],[-0.552,0],[0,0],[0,0.553]],"o":[[0,-0.552],[0,0],[-0.552,0],[0,0],[0,0.553],[0,0],[0.552,0],[0,0]],"v":[[48.593,-11.993],[47.593,-12.993],[-47.593,-12.993],[-48.593,-11.993],[-48.593,11.993],[-47.593,12.993],[47.593,12.993],[48.593,11.993]],"c":true}},"nm":"Path 2","hd":false},{"ty":"mm","mm":1,"nm":"Merge Paths 1","hd":false},{"ty":"fl","c":{"a":0,"k":[0.850980451995,0.850980451995,0.850980451995,1]},"o":{"a":0,"k":100},"r":1,"bm":0,"nm":"Fill 1","hd":false},{"ty":"gr","it":[{"ind":0,"ty":"sh","ks":{"a":0,"k":{"i":[[0,0],[0,-1.104],[0,0],[-1.104,0],[0,0],[0,1.104],[0,0],[1.104,0]],"o":[[-1.104,0],[0,0],[0,1.104],[0,0],[1.104,0],[0,0],[0,-1.104],[0,0]],"v":[[-49.852,-16.243],[-51.852,-14.243],[-51.852,14.242],[-49.852,16.242],[49.852,16.242],[51.852,14.242],[51.852,-14.243],[49.852,-16.243]],"c":true}},"nm":"Path 1","hd":false},{"ind":1,"ty":"sh","ks":{"a":0,"k":{"i":[[0,0],[0.552,0],[0,0],[0,-0.552],[0,0],[-0.552,0],[0,0],[0,0.553]],"o":[[0,-0.552],[0,0],[-0.552,0],[0,0],[0,0.553],[0,0],[0.552,0],[0,0]],"v":[[48.593,-11.993],[47.593,-12.993],[-47.593,-12.993],[-48.593,-11.993],[-48.593,11.993],[-47.593,12.993],[47.593,12.993],[48.593,11.993]],"c":true}},"nm":"Path 2","hd":false},{"ty":"mm","mm":1,"nm":"Merge Paths 1","hd":false},{"ty":"fl","c":{"a":0,"k":[0.850980451995,0.850980451995,0.850980451995,1]},"o":{"a":0,"k":100},"r":1,"bm":0,"nm":"Fill 1","hd":false},{"ty":"tr","p":{"a":0,"k":[160,119.602]},"a":{"a":0,"k":[0,0]},"s":{"a":0,"k":[100,100]},"r":{"a":0,"k":0},"o":{"a":0,"k":100},"sk":{"a":0,"k":0},"sa":{"a":0,"k":0},"nm":"Transform"}],"nm":"Group 8","bm":0,"hd":false},{"ty":"tr","p":{"a":0,"k":[160,119.602]},"a":{"a":0,"k":[0,0]},"s":{"a":0,"k":[100,100]},"r":{"a":0,"k":0},"o":{"a":0,"k":100},"sk":{"a":0,"k":0},"sa":{"a":0,"k":0},"nm":"Transform"}],"nm":"Group 9","bm":0,"hd":false},{"ty":"tr","p":{"a":0,"k":[160,119.602]},"a":{"a":0,"k":[0,0]},"s":{"a":0,"k":[100,100]},"r":{"a":0,"k":0},"o":{"a":0,"k":100},"sk":{"a":0,"k":0},"sa":{"a":0,"k":0},"nm":"Transform"}],"nm":"Group 10","bm":0,"hd":false},{"ty":"tr","p":{"a":0,"k":[160,119.602]},"a":{"a":0,"k":[0,0]},"s":{"a":0,"k":[100,100]},"r":{"a":0,"k":0},"o":{"a":0,"k":100},"sk":{"a":0,"k":0},"sa":{"a":0,"k":0},"nm":"Transform"}],"nm":"Group 11","bm":0,"hd":false},{"ty":"tr","p":{"a":0,"k":[160,119.602]},"a":{"a":0,"k":[0,0]},"s":{"a":0,"k":[100,100]},"r":{"a":0,"k":0},"o":{"a":0,"k":100},"sk":{"a":0,"k":0},"sa":{"a":0,"k":0},"nm":"Transform"}],"nm":"Group 8","bm":0,"hd":false},{"ty":"mm","mm":2,"nm":"Merge Paths 1","hd":false},{"ty":"st","c":{"a":0,"k":[0.850979973288,0.850979973288,0.850979973288,1]},"o":{"a":0,"k":100},"w":{"a":0,"k":0},"lc":1,"lj":1,"ml":4,"bm":0,"nm":"Stroke 1","hd":false},{"ty":"fl","c":{"a":0,"k":[0.850980451995,0.850980451995,0.850980451995,1]},"o":{"a":0,"k":100},"r":1,"bm":0,"nm":"Fill 1","hd":false}],"ip":0,"op":60.0000024438501,"st":0,"bm":0}]}],"layers":[{"ddd":0,"ind":1,"ty":0,"nm":"closed","refId":"comp_0","sr":1,"ks":{"r":{"a":1,"k":[{"i":{"x":[0.667],"y":[1]},"o":{"x":[0.333],"y":[0]},"t":0,"s":[0]},{"i":{"x":[0.667],"y":[1]},"o":{"x":[0.333],"y":[0]},"t":20,"s":[-4]},{"i":{"x":[0.667],"y":[1]},"o":{"x":[0.333],"y":[0]},"t":40,"s":[4]},{"t":60.0000024438501,"s":[0]}]},"p":{"a":0,"k":[108,64,0]},"a":{"a":0,"k":[162,96,0]},"s":{"a":0,"k":[60,60,100]}},"ao":0,"w":324,"h":192,"ip":0,"op":60.0000024438501,"st":0,"bm":0},{"ddd":0,"ind":2,"ty":4,"nm":"store_close Outlines","sr":1,"ks":{"p":{"a":0,"k":[108,64,0]},"a":{"a":0,"k":[160,94.5,0]},"s":{"a":0,"k":[60,60,100]}},"ao":0,"shapes":[{"ty":"gr","it":[{"ind":0,"ty":"sh","ks":{"a":0,"k":{"i":[[0,0],[0,0],[0,0],[0.118,0.118],[0.168,0],[0,0],[0.119,-0.119],[0,-0.167]],"o":[[0,0],[0,0],[0,-0.167],[-0.119,-0.119],[0,0],[-0.168,0],[-0.119,0.118],[0,0]],"v":[[-28.498,4.417],[28.499,4.417],[28.499,-3.786],[28.314,-4.232],[27.866,-4.417],[-27.865,-4.417],[-28.313,-4.232],[-28.498,-3.786]],"c":true}},"nm":"Path 1","hd":false},{"ind":1,"ty":"sh","ks":{"a":0,"k":{"i":[[0.502,-0.006],[0,0],[0.356,0.356],[0,0.502],[0,0],[-0.831,0.829],[-1.176,0],[0,0],[-0.831,-0.828],[0,-1.172],[0,0],[0.355,-0.353]],"o":[[0,0],[-0.504,0],[-0.356,-0.355],[0,0],[0,-1.172],[0.832,-0.828],[0,0],[1.175,0],[0.832,0.829],[0,0],[-0.007,0.5],[-0.355,0.354]],"v":[[30.399,8.204],[-30.398,8.204],[-31.742,7.65],[-32.298,6.312],[-32.298,-3.786],[-31,-6.911],[-27.865,-8.204],[27.866,-8.204],[31,-6.911],[32.299,-3.786],[32.299,6.312],[31.735,7.643]],"c":true}},"nm":"Path 2","hd":false},{"ty":"mm","mm":1,"nm":"Merge Paths 1","hd":false},{"ty":"fl","c":{"a":0,"k":[0.850980451995,0.850980451995,0.850980451995,1]},"o":{"a":0,"k":100},"r":1,"bm":0,"nm":"Fill 1","hd":false},{"ty":"tr","p":{"a":0,"k":[160.025,168.982]},"a":{"a":0,"k":[0,0]},"s":{"a":0,"k":[100,100]},"r":{"a":0,"k":0},"o":{"a":0,"k":100},"sk":{"a":0,"k":0},"sa":{"a":0,"k":0},"nm":"Transform"}],"nm":"Group 11","bm":0,"hd":false},{"ty":"gr","it":[{"ind":0,"ty":"sh","ks":{"a":0,"k":{"i":[[-0.672,0],[0,0],[-0.475,-0.473],[0,-0.669],[0,0],[0,0],[0,0],[-0.475,0.474]],"o":[[0,0],[0.672,0],[0.475,0.474],[0,0],[0,0],[0,0],[0,-0.669],[0.475,-0.473]],"v":[[-27.865,-6.311],[27.865,-6.311],[29.657,-5.572],[30.399,-3.787],[30.399,6.311],[-30.399,6.311],[-30.399,-3.787],[-29.657,-5.572]],"c":true}},"nm":"Path 1","hd":false},{"ty":"fl","c":{"a":0,"k":[1,1,1,1]},"o":{"a":0,"k":100},"r":1,"bm":0,"nm":"Fill 1","hd":false},{"ty":"tr","p":{"a":0,"k":[160,168.983]},"a":{"a":0,"k":[0,0]},"s":{"a":0,"k":[100,100]},"r":{"a":0,"k":0},"o":{"a":0,"k":100},"sk":{"a":0,"k":0},"sa":{"a":0,"k":0},"nm":"Transform"}],"nm":"Group 12","bm":0,"hd":false},{"ty":"gr","it":[{"ind":0,"ty":"sh","ks":{"a":0,"k":{"i":[[0,0],[0,0],[0,0],[0,0]],"o":[[0,0],[0,0],[0,0],[0,0]],"v":[[-53.829,8.202],[53.833,8.202],[53.833,-8.207],[-53.829,-8.207]],"c":true}},"nm":"Path 1","hd":false},{"ind":1,"ty":"sh","ks":{"a":0,"k":{"i":[[0.504,0],[0,0],[0.232,0.094],[0.177,0.177],[0.094,0.231],[-0.003,0.25],[0,0],[-0.356,0.355],[-0.504,0],[0,0],[-0.355,-0.353],[-0.007,-0.5],[0,0],[0.356,-0.355]],"o":[[0,0],[-0.25,0.004],[-0.232,-0.094],[-0.177,-0.176],[-0.094,-0.232],[0,0],[0,-0.502],[0.356,-0.355],[0,0],[0.502,0.006],[0.355,0.354],[0,0],[0,0.502],[-0.357,0.355]],"v":[[55.732,11.989],[-55.73,11.989],[-56.46,11.852],[-57.081,11.441],[-57.492,10.825],[-57.63,10.096],[-57.63,-10.1],[-57.073,-11.439],[-55.73,-11.993],[55.732,-11.993],[57.068,-11.432],[57.633,-10.1],[57.633,10.096],[57.077,11.435]],"c":true}},"nm":"Path 2","hd":false},{"ty":"mm","mm":1,"nm":"Merge Paths 1","hd":false},{"ty":"fl","c":{"a":0,"k":[0.850980451995,0.850980451995,0.850980451995,1]},"o":{"a":0,"k":100},"r":1,"bm":0,"nm":"Fill 1","hd":false},{"ty":"tr","p":{"a":0,"k":[160.023,23.806]},"a":{"a":0,"k":[0,0]},"s":{"a":0,"k":[100,100]},"r":{"a":0,"k":0},"o":{"a":0,"k":100},"sk":{"a":0,"k":0},"sa":{"a":0,"k":0},"nm":"Transform"}],"nm":"Group 13","bm":0,"hd":false},{"ty":"gr","it":[{"ind":0,"ty":"sh","ks":{"a":0,"k":{"i":[[0,0],[0,0],[0,0],[0,0]],"o":[[0,0],[0,0],[0,0],[0,0]],"v":[[45.598,-10.098],[-45.598,-10.098],[-45.598,10.098],[45.598,10.098]],"c":true}},"nm":"Path 1","hd":false},{"ty":"fl","c":{"a":0,"k":[1,1,1,1]},"o":{"a":0,"k":100},"r":1,"bm":0,"nm":"Fill 1","hd":false},{"ty":"tr","p":{"a":0,"k":[149.867,23.803]},"a":{"a":0,"k":[0,0]},"s":{"a":0,"k":[100,100]},"r":{"a":0,"k":0},"o":{"a":0,"k":100},"sk":{"a":0,"k":0},"sa":{"a":0,"k":0},"nm":"Transform"}],"nm":"Group 14","bm":0,"hd":false},{"ty":"gr","it":[{"ind":0,"ty":"sh","ks":{"a":0,"k":{"i":[[0,0],[0,0],[0,0],[0,0]],"o":[[0,0],[0,0],[0,0],[0,0]],"v":[[55.731,-10.098],[-55.731,-10.098],[-55.731,10.098],[55.731,10.098]],"c":true}},"nm":"Path 1","hd":false},{"ty":"fl","c":{"a":0,"k":[0.96862745098,0.96862745098,0.96862745098,1]},"o":{"a":0,"k":100},"r":1,"bm":0,"nm":"Fill 1","hd":false},{"ty":"tr","p":{"a":0,"k":[160,23.803]},"a":{"a":0,"k":[0,0]},"s":{"a":0,"k":[100,100]},"r":{"a":0,"k":0},"o":{"a":0,"k":100},"sk":{"a":0,"k":0},"sa":{"a":0,"k":0},"nm":"Transform"}],"nm":"Group 15","bm":0,"hd":false},{"ty":"gr","it":[{"ind":0,"ty":"sh","ks":{"a":0,"k":{"i":[[0,0],[0,0],[0,0],[0,0]],"o":[[0,0],[0,0],[0,0],[0,0]],"v":[[-18.388,10.722],[17.077,10.722],[6.311,-10.736],[-18.49,-10.736]],"c":true}},"nm":"Path 1","hd":false},{"ind":1,"ty":"sh","ks":{"a":0,"k":{"i":[[0.337,0.018],[0,0],[0.357,0.355],[0,0.502],[0,0],[-0.355,0.353],[-0.502,0.006],[0,0],[-0.3,-0.188],[-0.151,-0.321],[0,0],[0,-0.324],[0.162,-0.28],[0.298,-0.155]],"o":[[0,0],[-0.504,0],[-0.356,-0.355],[0,0],[0.007,-0.5],[0.355,-0.354],[0,0],[0.355,-0.005],[0.301,0.188],[0,0],[0.162,0.28],[0,0.323],[-0.177,0.286],[-0.299,0.156]],"v":[[20.243,14.509],[-20.288,14.509],[-21.632,13.954],[-22.188,12.615],[-22.188,-12.629],[-21.624,-13.96],[-20.288,-14.522],[7.577,-14.522],[8.582,-14.241],[9.275,-13.462],[21.941,11.782],[22.188,12.704],[21.941,13.625],[21.214,14.299]],"c":true}},"nm":"Path 2","hd":false},{"ty":"mm","mm":1,"nm":"Merge Paths 1","hd":false},{"ty":"fl","c":{"a":0,"k":[0.850980451995,0.850980451995,0.850980451995,1]},"o":{"a":0,"k":100},"r":1,"bm":0,"nm":"Fill 1","hd":false},{"ty":"tr","p":{"a":0,"k":[180.288,46.53]},"a":{"a":0,"k":[0,0]},"s":{"a":0,"k":[100,100]},"r":{"a":0,"k":0},"o":{"a":0,"k":100},"sk":{"a":0,"k":0},"sa":{"a":0,"k":0},"nm":"Transform"}],"nm":"Group 16","bm":0,"hd":false},{"ty":"gr","it":[{"ind":0,"ty":"sh","ks":{"a":0,"k":{"i":[[0,0],[0,0],[0,0],[0,0]],"o":[[0,0],[0,0],[0,0],[0,0]],"v":[[5.067,-12.622],[-12.666,-12.622],[-12.666,12.622],[12.666,12.622]],"c":true}},"nm":"Path 1","hd":false},{"ty":"fl","c":{"a":0,"k":[1,1,1,1]},"o":{"a":0,"k":100},"r":1,"bm":0,"nm":"Fill 1","hd":false},{"ty":"tr","p":{"a":0,"k":[172.666,46.523]},"a":{"a":0,"k":[0,0]},"s":{"a":0,"k":[100,100]},"r":{"a":0,"k":0},"o":{"a":0,"k":100},"sk":{"a":0,"k":0},"sa":{"a":0,"k":0},"nm":"Transform"}],"nm":"Group 17","bm":0,"hd":false},{"ty":"gr","it":[{"ind":0,"ty":"sh","ks":{"a":0,"k":{"i":[[0,0],[0,0],[0,0],[0,0]],"o":[[0,0],[0,0],[0,0],[0,0]],"v":[[7.599,-12.622],[-20.266,-12.622],[-20.266,12.622],[20.266,12.622]],"c":true}},"nm":"Path 1","hd":false},{"ty":"fl","c":{"a":0,"k":[0.96862745098,0.96862745098,0.96862745098,1]},"o":{"a":0,"k":100},"r":1,"bm":0,"nm":"Fill 1","hd":false},{"ty":"tr","p":{"a":0,"k":[180.266,46.523]},"a":{"a":0,"k":[0,0]},"s":{"a":0,"k":[100,100]},"r":{"a":0,"k":0},"o":{"a":0,"k":100},"sk":{"a":0,"k":0},"sa":{"a":0,"k":0},"nm":"Transform"}],"nm":"Group 18","bm":0,"hd":false},{"ty":"gr","it":[{"ind":0,"ty":"sh","ks":{"a":0,"k":{"i":[[0,0],[0,0],[0,0],[0,0]],"o":[[0,0],[0,0],[0,0],[0,0]],"v":[[-17.262,10.72],[18.204,10.72],[18.204,-10.738],[-6.495,-10.738]],"c":true}},"nm":"Path 1","hd":false},{"ind":1,"ty":"sh","ks":{"a":0,"k":{"i":[[0.259,0.017],[0,0],[0.28,0.155],[0.166,0.272],[0,0.322],[-0.156,0.283],[0,0],[-0.3,0.187],[-0.354,0.001],[0,0],[-0.357,-0.355],[0,-0.502],[0,0],[0.101,-0.238],[0.188,-0.178],[0.244,-0.087]],"o":[[0,0],[-0.32,0.002],[-0.279,-0.155],[-0.156,-0.283],[0,-0.322],[0,0],[0.155,-0.317],[0.3,-0.188],[0,0],[0.504,0],[0.356,0.355],[0,0],[0.004,0.259],[-0.1,0.239],[-0.189,0.177],[-0.244,0.088]],"v":[[20.18,14.507],[-20.353,14.507],[-21.268,14.275],[-21.947,13.623],[-22.184,12.702],[-21.947,11.78],[-9.281,-13.464],[-8.585,-14.235],[-7.585,-14.524],[20.281,-14.524],[21.625,-13.97],[22.181,-12.631],[22.181,12.613],[22.035,13.366],[21.598,13.998],[20.941,14.4]],"c":true}},"nm":"Path 2","hd":false},{"ty":"mm","mm":1,"nm":"Merge Paths 1","hd":false},{"ty":"fl","c":{"a":0,"k":[0.850980451995,0.850980451995,0.850980451995,1]},"o":{"a":0,"k":100},"r":1,"bm":0,"nm":"Fill 1","hd":false},{"ty":"tr","p":{"a":0,"k":[139.82,46.532]},"a":{"a":0,"k":[0,0]},"s":{"a":0,"k":[100,100]},"r":{"a":0,"k":0},"o":{"a":0,"k":100},"sk":{"a":0,"k":0},"sa":{"a":0,"k":0},"nm":"Transform"}],"nm":"Group 19","bm":0,"hd":false},{"ty":"gr","it":[{"ind":0,"ty":"sh","ks":{"a":0,"k":{"i":[[0,0],[0,0],[0,0],[0,0]],"o":[[0,0],[0,0],[0,0],[0,0]],"v":[[-2.534,-12.622],[-15.2,12.622],[10.133,12.622],[15.199,-12.622]],"c":true}},"nm":"Path 1","hd":false},{"ty":"fl","c":{"a":0,"k":[1,1,1,1]},"o":{"a":0,"k":100},"r":1,"bm":0,"nm":"Fill 1","hd":false},{"ty":"tr","p":{"a":0,"k":[134.668,46.523]},"a":{"a":0,"k":[0,0]},"s":{"a":0,"k":[100,100]},"r":{"a":0,"k":0},"o":{"a":0,"k":100},"sk":{"a":0,"k":0},"sa":{"a":0,"k":0},"nm":"Transform"}],"nm":"Group 20","bm":0,"hd":false},{"ty":"gr","it":[{"ind":0,"ty":"sh","ks":{"a":0,"k":{"i":[[0,0],[0,0],[0,0],[0,0]],"o":[[0,0],[0,0],[0,0],[0,0]],"v":[[-7.6,-12.622],[-20.266,12.622],[20.266,12.622],[20.266,-12.622]],"c":true}},"nm":"Path 1","hd":false},{"ty":"fl","c":{"a":0,"k":[0.96862745098,0.96862745098,0.96862745098,1]},"o":{"a":0,"k":100},"r":1,"bm":0,"nm":"Fill 1","hd":false},{"ty":"tr","p":{"a":0,"k":[139.734,46.523]},"a":{"a":0,"k":[0,0]},"s":{"a":0,"k":[100,100]},"r":{"a":0,"k":0},"o":{"a":0,"k":100},"sk":{"a":0,"k":0},"sa":{"a":0,"k":0},"nm":"Transform"}],"nm":"Group 21","bm":0,"hd":false},{"ty":"gr","it":[{"ind":0,"ty":"sh","ks":{"a":0,"k":{"i":[[0,0],[0,0],[0,0],[0,0]],"o":[[0,0],[0,0],[0,0],[0,0]],"v":[[-12.71,10.729],[21.995,10.729],[0.463,-10.729],[-23.527,-10.729]],"c":true}},"nm":"Path 1","hd":false},{"ind":1,"ty":"sh","ks":{"a":0,"k":{"i":[[0,0],[0,0],[0.299,0.182],[0.162,0.31],[0,0],[0,0.321],[-0.149,0.284],[-0.283,0.159],[-0.325,0.002],[0,0],[-0.356,-0.355],[0,0],[-0.073,-0.367],[0.143,-0.346],[0.312,-0.208],[0.375,-0.001]],"o":[[0,0],[-0.35,-0.002],[-0.299,-0.183],[0,0],[-0.149,-0.284],[0,-0.321],[0.171,-0.276],[0.284,-0.159],[0,0],[0.503,0],[0,0],[0.265,0.265],[0.073,0.367],[-0.144,0.345],[-0.312,0.208],[0,0]],"v":[[26.631,14.516],[-13.901,14.516],[-14.894,14.234],[-15.598,13.48],[-28.264,-11.764],[-28.49,-12.686],[-28.264,-13.607],[-27.571,-14.27],[-26.643,-14.516],[1.223,-14.516],[2.565,-13.96],[27.898,11.283],[28.417,12.253],[28.309,13.346],[27.61,14.195],[26.555,14.516]],"c":true}},"nm":"Path 2","hd":false},{"ty":"mm","mm":1,"nm":"Merge Paths 1","hd":false},{"ty":"fl","c":{"a":0,"k":[0.850980451995,0.850980451995,0.850980451995,1]},"o":{"a":0,"k":100},"r":1,"bm":0,"nm":"Fill 1","hd":false},{"ty":"tr","p":{"a":0,"k":[214.432,46.523]},"a":{"a":0,"k":[0,0]},"s":{"a":0,"k":[100,100]},"r":{"a":0,"k":0},"o":{"a":0,"k":100},"sk":{"a":0,"k":0},"sa":{"a":0,"k":0},"nm":"Transform"}],"nm":"Group 22","bm":0,"hd":false},{"ty":"gr","it":[{"ind":0,"ty":"sh","ks":{"a":0,"k":{"i":[[0,0],[0,0],[0,0],[0,0]],"o":[[0,0],[0,0],[0,0],[0,0]],"v":[[-1.266,-12.622],[-18.999,-12.622],[-6.333,12.622],[19,12.622]],"c":true}},"nm":"Path 1","hd":false},{"ty":"fl","c":{"a":0,"k":[1,1,1,1]},"o":{"a":0,"k":100},"r":1,"bm":0,"nm":"Fill 1","hd":false},{"ty":"tr","p":{"a":0,"k":[206.865,46.523]},"a":{"a":0,"k":[0,0]},"s":{"a":0,"k":[100,100]},"r":{"a":0,"k":0},"o":{"a":0,"k":100},"sk":{"a":0,"k":0},"sa":{"a":0,"k":0},"nm":"Transform"}],"nm":"Group 23","bm":0,"hd":false},{"ty":"gr","it":[{"ind":0,"ty":"sh","ks":{"a":0,"k":{"i":[[0,0],[0,0],[0,0],[0,0]],"o":[[0,0],[0,0],[0,0],[0,0]],"v":[[1.267,-12.622],[-26.599,-12.622],[-13.933,12.622],[26.599,12.622]],"c":true}},"nm":"Path 1","hd":false},{"ty":"fl","c":{"a":0,"k":[0.96862745098,0.96862745098,0.96862745098,1]},"o":{"a":0,"k":100},"r":1,"bm":0,"nm":"Fill 1","hd":false},{"ty":"tr","p":{"a":0,"k":[214.464,46.523]},"a":{"a":0,"k":[0,0]},"s":{"a":0,"k":[100,100]},"r":{"a":0,"k":0},"o":{"a":0,"k":100},"sk":{"a":0,"k":0},"sa":{"a":0,"k":0},"nm":"Transform"}],"nm":"Group 24","bm":0,"hd":false},{"ty":"gr","it":[{"ind":0,"ty":"sh","ks":{"a":0,"k":{"i":[[0,0],[0,0],[0,0],[0,0]],"o":[[0,0],[0,0],[0,0],[0,0]],"v":[[-21.988,10.729],[12.793,10.729],[23.559,-10.729],[-0.43,-10.729]],"c":true}},"nm":"Path 1","hd":false},{"ind":1,"ty":"sh","ks":{"a":0,"k":{"i":[[0.342,-0.012],[0,0],[0.312,0.208],[0.144,0.345],[-0.073,0.367],[-0.265,0.265],[0,0],[-0.51,0.004],[0,0],[-0.284,-0.159],[-0.169,-0.278],[0,-0.322],[0.155,-0.282],[0,0],[0.289,-0.182]],"o":[[0,0],[-0.376,-0.001],[-0.312,-0.208],[-0.144,-0.346],[0.073,-0.367],[0,0],[0.368,-0.352],[0,0],[0.326,0],[0.284,0.159],[0.155,0.282],[0,0.322],[0,0],[-0.157,0.302],[-0.29,0.182]],"v":[[13.958,14.516],[-26.573,14.516],[-27.628,14.195],[-28.327,13.346],[-28.435,12.253],[-27.916,11.283],[-2.583,-13.96],[-1.216,-14.516],[26.65,-14.516],[27.58,-14.272],[28.271,-13.607],[28.508,-12.686],[28.271,-11.764],[15.605,13.48],[14.923,14.221]],"c":true}},"nm":"Path 2","hd":false},{"ty":"mm","mm":1,"nm":"Merge Paths 1","hd":false},{"ty":"fl","c":{"a":0,"k":[0.850980451995,0.850980451995,0.850980451995,1]},"o":{"a":0,"k":100},"r":1,"bm":0,"nm":"Fill 1","hd":false},{"ty":"tr","p":{"a":0,"k":[105.51,46.523]},"a":{"a":0,"k":[0,0]},"s":{"a":0,"k":[100,100]},"r":{"a":0,"k":0},"o":{"a":0,"k":100},"sk":{"a":0,"k":0},"sa":{"a":0,"k":0},"nm":"Transform"}],"nm":"Group 25","bm":0,"hd":false},{"ty":"gr","it":[{"ind":0,"ty":"sh","ks":{"a":0,"k":{"i":[[0,0],[0,0],[0,0],[0,0]],"o":[[0,0],[0,0],[0,0],[0,0]],"v":[[3.799,-12.622],[-21.533,12.622],[3.799,12.622],[21.533,-12.622]],"c":true}},"nm":"Path 1","hd":false},{"ty":"fl","c":{"a":0,"k":[1,1,1,1]},"o":{"a":0,"k":100},"r":1,"bm":0,"nm":"Fill 1","hd":false},{"ty":"tr","p":{"a":0,"k":[100.469,46.523]},"a":{"a":0,"k":[0,0]},"s":{"a":0,"k":[100,100]},"r":{"a":0,"k":0},"o":{"a":0,"k":100},"sk":{"a":0,"k":0},"sa":{"a":0,"k":0},"nm":"Transform"}],"nm":"Group 26","bm":0,"hd":false},{"ty":"gr","it":[{"ind":0,"ty":"sh","ks":{"a":0,"k":{"i":[[0,0],[0,0],[0,0],[0,0]],"o":[[0,0],[0,0],[0,0],[0,0]],"v":[[-1.267,-12.622],[-26.599,12.622],[13.932,12.622],[26.599,-12.622]],"c":true}},"nm":"Path 1","hd":false},{"ty":"fl","c":{"a":0,"k":[0.96862745098,0.96862745098,0.96862745098,1]},"o":{"a":0,"k":100},"r":1,"bm":0,"nm":"Fill 1","hd":false},{"ty":"tr","p":{"a":0,"k":[105.536,46.523]},"a":{"a":0,"k":[0,0]},"s":{"a":0,"k":[100,100]},"r":{"a":0,"k":0},"o":{"a":0,"k":100},"sk":{"a":0,"k":0},"sa":{"a":0,"k":0},"nm":"Transform"}],"nm":"Group 27","bm":0,"hd":false},{"ty":"gr","it":[{"ind":0,"ty":"sh","ks":{"a":0,"k":{"i":[[0,0],[-2.485,-2.44],[-3.488,-0.012],[0,0],[-2.488,2.442],[-0.054,3.48]],"o":[[0.066,3.476],[2.486,2.439],[0,0],[3.492,0.001],[2.489,-2.442],[0,0]],"v":[[-18.366,-6.526],[-14.385,2.701],[-5.066,6.525],[5.066,6.525],[14.4,2.715],[18.367,-6.526]],"c":true}},"nm":"Path 1","hd":false},{"ind":1,"ty":"sh","ks":{"a":0,"k":{"i":[[4.535,0],[0,0],[3.205,3.194],[0.007,4.517],[0,0],[-0.355,0.354],[-0.502,0.007],[0,0],[-0.356,-0.355],[0,-0.503],[0,0],[3.207,-3.196]],"o":[[0,0],[-4.533,-0.007],[-3.205,-3.195],[0,0],[0.007,-0.5],[0.355,-0.354],[0,0],[0.504,0],[0.356,0.355],[0,0],[0,4.519],[-3.207,3.196]],"v":[[5.066,10.312],[-5.066,10.312],[-17.15,5.314],[-22.166,-6.728],[-22.166,-8.419],[-21.602,-9.751],[-20.266,-10.312],[20.266,-10.312],[21.609,-9.758],[22.165,-8.419],[22.165,-6.728],[17.158,5.322]],"c":true}},"nm":"Path 2","hd":false},{"ty":"mm","mm":1,"nm":"Merge Paths 1","hd":false},{"ty":"fl","c":{"a":0,"k":[0.850980451995,0.850980451995,0.850980451995,1]},"o":{"a":0,"k":100},"r":1,"bm":0,"nm":"Fill 1","hd":false},{"ty":"tr","p":{"a":0,"k":[99.202,67.564]},"a":{"a":0,"k":[0,0]},"s":{"a":0,"k":[100,100]},"r":{"a":0,"k":0},"o":{"a":0,"k":100},"sk":{"a":0,"k":0},"sa":{"a":0,"k":0},"nm":"Transform"}],"nm":"Group 28","bm":0,"hd":false},{"ty":"gr","it":[{"ind":0,"ty":"sh","ks":{"a":0,"k":{"i":[[2.687,0],[2.85,2.84],[0,4.017],[0,0],[0,0],[0,0],[1.901,-1.893]],"o":[[-4.031,0],[-2.851,-2.841],[0,0],[0,0],[0,0],[0,2.678],[-1.9,1.894]],"v":[[2.533,8.419],[-8.214,3.983],[-12.666,-6.728],[-12.666,-8.419],[12.666,-8.419],[12.666,-1.679],[9.698,5.461]],"c":true}},"nm":"Path 1","hd":false},{"ty":"fl","c":{"a":0,"k":[1,1,1,1]},"o":{"a":0,"k":100},"r":1,"bm":0,"nm":"Fill 1","hd":false},{"ty":"tr","p":{"a":0,"k":[91.603,67.564]},"a":{"a":0,"k":[0,0]},"s":{"a":0,"k":[100,100]},"r":{"a":0,"k":0},"o":{"a":0,"k":100},"sk":{"a":0,"k":0},"sa":{"a":0,"k":0},"nm":"Transform"}],"nm":"Group 29","bm":0,"hd":false},{"ty":"gr","it":[{"ind":0,"ty":"sh","ks":{"a":0,"k":{"i":[[0,0],[0,0],[0,0],[2.85,-2.841],[4.031,0],[0,0],[2.85,2.84],[0,4.017]],"o":[[0,0],[0,0],[0,4.017],[-2.851,2.84],[0,0],[-4.031,0],[-2.851,-2.841],[0,0]],"v":[[-20.266,-8.419],[20.266,-8.419],[20.266,-6.728],[15.815,3.983],[5.067,8.419],[-5.066,8.419],[-15.813,3.983],[-20.266,-6.728]],"c":true}},"nm":"Path 1","hd":false},{"ty":"fl","c":{"a":0,"k":[0.96862745098,0.96862745098,0.96862745098,1]},"o":{"a":0,"k":100},"r":1,"bm":0,"nm":"Fill 1","hd":false},{"ty":"tr","p":{"a":0,"k":[99.202,67.564]},"a":{"a":0,"k":[0,0]},"s":{"a":0,"k":[100,100]},"r":{"a":0,"k":0},"o":{"a":0,"k":100},"sk":{"a":0,"k":0},"sa":{"a":0,"k":0},"nm":"Transform"}],"nm":"Group 30","bm":0,"hd":false},{"ty":"gr","it":[{"ind":0,"ty":"sh","ks":{"a":0,"k":{"i":[[0,0],[-2.486,-2.44],[-3.489,-0.012],[0,0],[-2.489,2.442],[-0.053,3.48]],"o":[[0.066,3.476],[2.485,2.439],[0,0],[3.492,0.001],[2.488,-2.442],[0,0]],"v":[[-18.366,-6.526],[-14.385,2.701],[-5.066,6.525],[5.067,6.525],[14.4,2.715],[18.366,-6.526]],"c":true}},"nm":"Path 1","hd":false},{"ind":1,"ty":"sh","ks":{"a":0,"k":{"i":[[4.535,0],[0,0],[3.205,3.194],[0.007,4.517],[0,0],[-0.355,0.354],[-0.501,0.007],[0,0],[-0.356,-0.355],[0,-0.503],[0,0],[3.206,-3.196]],"o":[[0,0],[-4.533,-0.007],[-3.205,-3.195],[0,0],[0.007,-0.5],[0.355,-0.354],[0,0],[0.504,0],[0.357,0.355],[0,0],[0,4.519],[-3.207,3.196]],"v":[[5.067,10.312],[-5.066,10.312],[-17.15,5.314],[-22.166,-6.728],[-22.166,-8.419],[-21.602,-9.751],[-20.266,-10.312],[20.266,-10.312],[21.609,-9.758],[22.166,-8.419],[22.166,-6.728],[17.158,5.322]],"c":true}},"nm":"Path 2","hd":false},{"ty":"mm","mm":1,"nm":"Merge Paths 1","hd":false},{"ty":"fl","c":{"a":0,"k":[0.850980451995,0.850980451995,0.850980451995,1]},"o":{"a":0,"k":100},"r":1,"bm":0,"nm":"Fill 1","hd":false},{"ty":"tr","p":{"a":0,"k":[139.734,67.564]},"a":{"a":0,"k":[0,0]},"s":{"a":0,"k":[100,100]},"r":{"a":0,"k":0},"o":{"a":0,"k":100},"sk":{"a":0,"k":0},"sa":{"a":0,"k":0},"nm":"Transform"}],"nm":"Group 31","bm":0,"hd":false},{"ty":"gr","it":[{"ind":0,"ty":"sh","ks":{"a":0,"k":{"i":[[0,0],[0,0],[0,0],[1.9,-1.893],[2.687,0],[2.851,2.84],[0,4.017]],"o":[[0,0],[0,0],[0,2.678],[-1.901,1.894],[-4.031,0],[-2.85,-2.841],[0,0]],"v":[[-12.666,-8.419],[12.667,-8.419],[12.667,-1.679],[9.699,5.461],[2.534,8.419],[-8.214,3.983],[-12.666,-6.728]],"c":true}},"nm":"Path 1","hd":false},{"ty":"fl","c":{"a":0,"k":[1,1,1,1]},"o":{"a":0,"k":100},"r":1,"bm":0,"nm":"Fill 1","hd":false},{"ty":"tr","p":{"a":0,"k":[132.134,67.564]},"a":{"a":0,"k":[0,0]},"s":{"a":0,"k":[100,100]},"r":{"a":0,"k":0},"o":{"a":0,"k":100},"sk":{"a":0,"k":0},"sa":{"a":0,"k":0},"nm":"Transform"}],"nm":"Group 32","bm":0,"hd":false},{"ty":"gr","it":[{"ind":0,"ty":"sh","ks":{"a":0,"k":{"i":[[0,0],[0,0],[0,0],[2.851,-2.841],[4.031,0],[0,0],[2.851,2.84],[0,4.017]],"o":[[0,0],[0,0],[0,4.017],[-2.85,2.84],[0,0],[-4.031,0],[-2.85,-2.841],[0,0]],"v":[[-20.266,-8.419],[20.266,-8.419],[20.266,-6.728],[15.814,3.983],[5.067,8.419],[-5.066,8.419],[-15.814,3.983],[-20.266,-6.728]],"c":true}},"nm":"Path 1","hd":false},{"ty":"fl","c":{"a":0,"k":[0.96862745098,0.96862745098,0.96862745098,1]},"o":{"a":0,"k":100},"r":1,"bm":0,"nm":"Fill 1","hd":false},{"ty":"tr","p":{"a":0,"k":[139.734,67.564]},"a":{"a":0,"k":[0,0]},"s":{"a":0,"k":[100,100]},"r":{"a":0,"k":0},"o":{"a":0,"k":100},"sk":{"a":0,"k":0},"sa":{"a":0,"k":0},"nm":"Transform"}],"nm":"Group 33","bm":0,"hd":false},{"ty":"gr","it":[{"ind":0,"ty":"sh","ks":{"a":0,"k":{"i":[[0,0],[-2.483,-2.441],[-3.488,-0.006],[0,0],[-2.488,2.442],[-0.053,3.48]],"o":[[0.053,3.475],[2.483,2.441],[0,0],[3.492,0.001],[2.489,-2.442],[0,0]],"v":[[-18.34,-6.526],[-14.383,2.706],[-5.066,6.525],[5.066,6.525],[14.4,2.715],[18.366,-6.526]],"c":true}},"nm":"Path 1","hd":false},{"ind":1,"ty":"sh","ks":{"a":0,"k":{"i":[[4.535,0],[0,0],[3.205,3.194],[0.007,4.517],[0,0],[-0.355,0.354],[-0.502,0.007],[0,0],[-0.356,-0.355],[0,-0.503],[0,0],[3.207,-3.196]],"o":[[0,0],[-4.533,-0.007],[-3.206,-3.195],[0,0],[0.007,-0.5],[0.355,-0.354],[0,0],[0.504,0],[0.356,0.355],[0,0],[0,4.519],[-3.207,3.196]],"v":[[5.066,10.312],[-5.066,10.312],[-17.15,5.314],[-22.165,-6.728],[-22.165,-8.419],[-21.602,-9.751],[-20.266,-10.312],[20.266,-10.312],[21.609,-9.758],[22.165,-8.419],[22.165,-6.728],[17.158,5.322]],"c":true}},"nm":"Path 2","hd":false},{"ty":"mm","mm":1,"nm":"Merge Paths 1","hd":false},{"ty":"fl","c":{"a":0,"k":[0.850980451995,0.850980451995,0.850980451995,1]},"o":{"a":0,"k":100},"r":1,"bm":0,"nm":"Fill 1","hd":false},{"ty":"tr","p":{"a":0,"k":[180.266,67.564]},"a":{"a":0,"k":[0,0]},"s":{"a":0,"k":[100,100]},"r":{"a":0,"k":0},"o":{"a":0,"k":100},"sk":{"a":0,"k":0},"sa":{"a":0,"k":0},"nm":"Transform"}],"nm":"Group 34","bm":0,"hd":false},{"ty":"gr","it":[{"ind":0,"ty":"sh","ks":{"a":0,"k":{"i":[[2.688,0],[2.85,2.84],[0,4.017],[0,0],[0,0],[0,0],[1.901,-1.893]],"o":[[-4.031,0],[-2.851,-2.841],[0,0],[0,0],[0,0],[0,2.678],[-1.9,1.894]],"v":[[2.533,8.419],[-8.214,3.983],[-12.666,-6.728],[-12.666,-8.419],[12.666,-8.419],[12.666,-1.679],[9.698,5.461]],"c":true}},"nm":"Path 1","hd":false},{"ty":"fl","c":{"a":0,"k":[1,1,1,1]},"o":{"a":0,"k":100},"r":1,"bm":0,"nm":"Fill 1","hd":false},{"ty":"tr","p":{"a":0,"k":[172.666,67.564]},"a":{"a":0,"k":[0,0]},"s":{"a":0,"k":[100,100]},"r":{"a":0,"k":0},"o":{"a":0,"k":100},"sk":{"a":0,"k":0},"sa":{"a":0,"k":0},"nm":"Transform"}],"nm":"Group 35","bm":0,"hd":false},{"ty":"gr","it":[{"ind":0,"ty":"sh","ks":{"a":0,"k":{"i":[[0,0],[0,0],[0,0],[2.85,-2.841],[4.031,0],[0,0],[2.85,2.84],[0,4.017]],"o":[[0,0],[0,0],[0,4.017],[-2.851,2.84],[0,0],[-4.031,0],[-2.851,-2.841],[0,0]],"v":[[-20.266,-8.419],[20.266,-8.419],[20.266,-6.728],[15.814,3.983],[5.066,8.419],[-5.067,8.419],[-15.814,3.983],[-20.266,-6.728]],"c":true}},"nm":"Path 1","hd":false},{"ty":"fl","c":{"a":0,"k":[0.96862745098,0.96862745098,0.96862745098,1]},"o":{"a":0,"k":100},"r":1,"bm":0,"nm":"Fill 1","hd":false},{"ty":"tr","p":{"a":0,"k":[180.266,67.564]},"a":{"a":0,"k":[0,0]},"s":{"a":0,"k":[100,100]},"r":{"a":0,"k":0},"o":{"a":0,"k":100},"sk":{"a":0,"k":0},"sa":{"a":0,"k":0},"nm":"Transform"}],"nm":"Group 36","bm":0,"hd":false},{"ty":"gr","it":[{"ind":0,"ty":"sh","ks":{"a":0,"k":{"i":[[0,0],[-2.486,-2.44],[-3.489,-0.012],[0,0],[-2.489,2.442],[-0.053,3.48]],"o":[[0.066,3.476],[2.485,2.439],[0,0],[3.492,0.001],[2.488,-2.442],[0,0]],"v":[[-18.366,-6.526],[-14.385,2.701],[-5.066,6.525],[5.067,6.525],[14.4,2.715],[18.366,-6.526]],"c":true}},"nm":"Path 1","hd":false},{"ind":1,"ty":"sh","ks":{"a":0,"k":{"i":[[4.535,0],[0,0],[3.205,3.194],[0.007,4.517],[0,0],[-0.355,0.354],[-0.501,0.007],[0,0],[-0.356,-0.355],[0,-0.503],[0,0],[3.206,-3.196]],"o":[[0,0],[-4.533,-0.007],[-3.205,-3.195],[0,0],[0.007,-0.5],[0.355,-0.354],[0,0],[0.504,0],[0.357,0.355],[0,0],[0,4.519],[-3.207,3.196]],"v":[[5.067,10.312],[-5.066,10.312],[-17.15,5.314],[-22.166,-6.728],[-22.166,-8.419],[-21.602,-9.751],[-20.266,-10.312],[20.266,-10.312],[21.609,-9.758],[22.166,-8.419],[22.166,-6.728],[17.158,5.322]],"c":true}},"nm":"Path 2","hd":false},{"ty":"mm","mm":1,"nm":"Merge Paths 1","hd":false},{"ty":"fl","c":{"a":0,"k":[0.850980451995,0.850980451995,0.850980451995,1]},"o":{"a":0,"k":100},"r":1,"bm":0,"nm":"Fill 1","hd":false},{"ty":"tr","p":{"a":0,"k":[220.797,67.564]},"a":{"a":0,"k":[0,0]},"s":{"a":0,"k":[100,100]},"r":{"a":0,"k":0},"o":{"a":0,"k":100},"sk":{"a":0,"k":0},"sa":{"a":0,"k":0},"nm":"Transform"}],"nm":"Group 37","bm":0,"hd":false},{"ty":"gr","it":[{"ind":0,"ty":"sh","ks":{"a":0,"k":{"i":[[2.367,0],[2.511,2.813],[0,3.978],[0,0],[0,0],[0,0],[1.674,-1.876]],"o":[[-3.55,0],[-2.51,-2.813],[0,0],[0,0],[0,0],[0,2.653],[-1.673,1.875]],"v":[[2.23,8.338],[-7.234,3.944],[-11.154,-6.663],[-11.154,-8.338],[11.154,-8.338],[11.154,-1.663],[8.54,5.409]],"c":true}},"nm":"Path 1","hd":false},{"ty":"fl","c":{"a":0,"k":[1,1,1,1]},"o":{"a":0,"k":100},"r":1,"bm":0,"nm":"Fill 1","hd":false},{"ty":"tr","p":{"a":0,"k":[212.288,67.401]},"a":{"a":0,"k":[0,0]},"s":{"a":0,"k":[100,100]},"r":{"a":0,"k":0},"o":{"a":0,"k":100},"sk":{"a":0,"k":0},"sa":{"a":0,"k":0},"nm":"Transform"}],"nm":"Group 38","bm":0,"hd":false},{"ty":"gr","it":[{"ind":0,"ty":"sh","ks":{"a":0,"k":{"i":[[0,0],[0,0],[0,0],[2.851,-2.841],[4.031,0],[0,0],[2.851,2.84],[0,4.017]],"o":[[0,0],[0,0],[0,4.017],[-2.85,2.84],[0,0],[-4.031,0],[-2.85,-2.841],[0,0]],"v":[[-20.266,-8.419],[20.266,-8.419],[20.266,-6.728],[15.814,3.983],[5.067,8.419],[-5.066,8.419],[-15.814,3.983],[-20.266,-6.728]],"c":true}},"nm":"Path 1","hd":false},{"ty":"fl","c":{"a":0,"k":[0.96862745098,0.96862745098,0.96862745098,1]},"o":{"a":0,"k":100},"r":1,"bm":0,"nm":"Fill 1","hd":false},{"ty":"tr","p":{"a":0,"k":[220.797,67.564]},"a":{"a":0,"k":[0,0]},"s":{"a":0,"k":[100,100]},"r":{"a":0,"k":0},"o":{"a":0,"k":100},"sk":{"a":0,"k":0},"sa":{"a":0,"k":0},"nm":"Transform"}],"nm":"Group 39","bm":0,"hd":false},{"ty":"gr","it":[{"ind":0,"ty":"sh","ks":{"a":0,"k":{"i":[[0.504,0],[0,0],[0.357,0.355],[0,0.502],[-0.356,0.355],[-0.504,0],[0,0],[-0.356,-0.356],[0,-0.502],[0.357,-0.355]],"o":[[0,0],[-0.504,0],[-0.356,-0.355],[0,-0.502],[0.357,-0.356],[0,0],[0.504,0],[0.357,0.355],[0,0.502],[-0.356,0.355]],"v":[[81.063,1.893],[-81.063,1.893],[-82.407,1.339],[-82.963,-0.001],[-82.407,-1.339],[-81.063,-1.893],[81.063,-1.893],[82.406,-1.339],[82.963,-0.001],[82.406,1.339]],"c":true}},"nm":"Path 1","hd":false},{"ty":"fl","c":{"a":0,"k":[0.850980451995,0.850980451995,0.850980451995,1]},"o":{"a":0,"k":100},"r":1,"bm":0,"nm":"Fill 1","hd":false},{"ty":"tr","p":{"a":0,"k":[160,175.27]},"a":{"a":0,"k":[0,0]},"s":{"a":0,"k":[100,100]},"r":{"a":0,"k":0},"o":{"a":0,"k":100},"sk":{"a":0,"k":0},"sa":{"a":0,"k":0},"nm":"Transform"}],"nm":"Group 40","bm":0,"hd":false},{"ty":"gr","it":[{"ind":0,"ty":"sh","ks":{"a":0,"k":{"i":[[0,0],[0,0],[0,0],[0,0]],"o":[[0,0],[0,0],[0,0],[0,0]],"v":[[-63.965,56.167],[63.962,56.167],[63.962,-56.169],[-63.965,-56.169]],"c":true}},"nm":"Path 1","hd":false},{"ind":1,"ty":"sh","ks":{"a":0,"k":{"i":[[0.251,0.003],[0,0],[0.357,0.355],[0,0.502],[0,0],[-0.354,0.353],[-0.502,0.006],[0,0],[-0.357,-0.356],[0,-0.502],[0,0],[0.095,-0.231],[0.177,-0.176],[0.232,-0.094]],"o":[[0,0],[-0.504,0],[-0.356,-0.356],[0,0],[0.006,-0.5],[0.355,-0.354],[0,0],[0.504,0],[0.356,0.354],[0,0],[0.003,0.249],[-0.094,0.232],[-0.177,0.177],[-0.232,0.094]],"v":[[65.862,59.954],[-65.865,59.954],[-67.209,59.4],[-67.765,58.061],[-67.765,-58.063],[-67.202,-59.395],[-65.865,-59.956],[65.862,-59.956],[67.206,-59.401],[67.762,-58.063],[67.762,58.061],[67.624,58.788],[67.213,59.407],[66.593,59.816]],"c":true}},"nm":"Path 2","hd":false},{"ty":"mm","mm":1,"nm":"Merge Paths 1","hd":false},{"ty":"fl","c":{"a":0,"k":[0.850980451995,0.850980451995,0.850980451995,1]},"o":{"a":0,"k":100},"r":1,"bm":0,"nm":"Fill 1","hd":false},{"ty":"tr","p":{"a":0,"k":[159.617,117.208]},"a":{"a":0,"k":[0,0]},"s":{"a":0,"k":[100,100]},"r":{"a":0,"k":0},"o":{"a":0,"k":100},"sk":{"a":0,"k":0},"sa":{"a":0,"k":0},"nm":"Transform"}],"nm":"Group 41","bm":0,"hd":false},{"ty":"gr","it":[{"ind":0,"ty":"sh","ks":{"a":0,"k":{"i":[[0,0],[0,0],[0,0],[0.489,-0.493],[0.692,0],[0,0]],"o":[[0,0],[0,0],[0,0.697],[-0.489,0.493],[0,0],[0,0]],"v":[[-60,-53.895],[60,-53.895],[60,51.266],[59.236,53.124],[57.391,53.895],[-60,53.895]],"c":true}},"nm":"Path 1","hd":false},{"ty":"fl","c":{"a":0,"k":[1,1,1,1]},"o":{"a":0,"k":100},"r":1,"bm":0,"nm":"Fill 1","hd":false},{"ty":"tr","p":{"a":0,"k":[154.815,114.434]},"a":{"a":0,"k":[0,0]},"s":{"a":0,"k":[100,100]},"r":{"a":0,"k":0},"o":{"a":0,"k":100},"sk":{"a":0,"k":0},"sa":{"a":0,"k":0},"nm":"Transform"}],"nm":"Group 42","bm":0,"hd":false},{"ty":"gr","it":[{"ind":0,"ty":"sh","ks":{"a":0,"k":{"i":[[0,0],[0,0],[0,0],[0,0]],"o":[[0,0],[0,0],[0,0],[0,0]],"v":[[-160,94.5],[160,94.5],[160,-94.5],[-160,-94.5]],"c":true}},"nm":"Path 1","hd":false},{"ind":1,"ty":"sh","ks":{"a":0,"k":{"i":[[0,0],[0,0],[0,0],[0,0]],"o":[[0,0],[0,0],[0,0],[0,0]],"v":[[-160,-94.5],[160,-94.5],[160,94.5],[-160,94.5]],"c":true}},"nm":"Path 2","hd":false},{"ind":2,"ty":"sh","ks":{"a":0,"k":{"i":[[0,0],[0,0],[0,0],[0,0]],"o":[[0,0],[0,0],[0,0],[0,0]],"v":[[-65.864,80.769],[65.864,80.769],[65.864,-35.354],[-65.864,-35.354]],"c":true}},"nm":"Path 3","hd":false},{"ty":"mm","mm":1,"nm":"Merge Paths 1","hd":false},{"ty":"fl","c":{"a":0,"k":[0.968627510819,0.968627510819,0.968627510819,1]},"o":{"a":0,"k":100},"r":1,"bm":0,"nm":"Fill 1","hd":false},{"ty":"tr","p":{"a":0,"k":[160,94.5]},"a":{"a":0,"k":[0,0]},"s":{"a":0,"k":[100,100]},"r":{"a":0,"k":0},"o":{"a":0,"k":100},"sk":{"a":0,"k":0},"sa":{"a":0,"k":0},"nm":"Transform"}],"nm":"Group 43","bm":0,"hd":false}],"ip":0,"op":60.0000024438501,"st":0,"bm":0},{"ddd":0,"ind":3,"ty":4,"nm":"bg Outlines 2","sr":1,"ks":{"o":{"a":1,"k":[{"i":{"x":[0.667],"y":[1]},"o":{"x":[0.333],"y":[0]},"t":0,"s":[0]},{"t":60.0000024438501,"s":[100]}]},"p":{"a":0,"k":[108,64,0]},"a":{"a":0,"k":[108.25,28.25,0]},"s":{"a":0,"k":[95,95,100]}},"ao":0,"shapes":[{"ty":"gr","it":[{"ind":0,"ty":"sh","ks":{"a":0,"k":{"i":[[-3.866,0],[0,-3.866],[3.866,0],[0,3.866]],"o":[[3.866,0],[0,3.866],[-3.866,0],[0,-3.866]],"v":[[101,14],[108,21],[101,28],[94,21]],"c":true}},"nm":"Path 1","hd":false},{"ind":1,"ty":"sh","ks":{"a":0,"k":{"i":[[0,0],[0,-3.866],[3.866,0],[0,0],[0,-3.866],[3.866,0],[0,0],[0,-3.866],[-3.866,0],[0,0],[0,-3.866],[3.866,0],[0,0],[0.483,0.105],[0.515,0],[0,0],[0,3.866],[-3.866,0],[0,0],[0,3.866],[-3.866,0],[0,0],[0,3.866],[3.866,0],[0,0],[0,3.866],[-3.866,0]],"o":[[3.866,0],[0,3.866],[0,0],[3.866,0],[0,3.866],[0,0],[-3.866,0],[0,3.866],[0,0],[3.866,0],[0,3.866],[0,0],[-0.515,0],[-0.483,0.105],[0,0],[-3.866,0],[0,-3.866],[0,0],[-3.866,0],[0,-3.866],[0,0],[3.866,0],[0,-3.866],[0,0],[-3.866,0],[0,-3.866],[0,0]],"v":[[75,-28],[82,-21],[75,-14],[97,-14],[104,-7],[97,0],[78,0],[71,7],[78,14],[84,14],[91,21],[84,28],[32,28],[30.5,27.839],[29,28],[-62,28],[-69,21],[-62,14],[-101,14],[-108,7],[-101,0],[-61,0],[-54,-7],[-61,-14],[-86,-14],[-93,-21],[-86,-28]],"c":true}},"nm":"Path 2","hd":false},{"ty":"mm","mm":1,"nm":"Merge Paths 1","hd":false},{"ty":"fl","c":{"a":0,"k":[0.925490255917,0.925490255917,0.925490255917,1]},"o":{"a":0,"k":100},"r":1,"bm":0,"nm":"Fill 1","hd":false},{"ty":"tr","p":{"a":0,"k":[108.25,28.25]},"a":{"a":0,"k":[0,0]},"s":{"a":0,"k":[100,100]},"r":{"a":0,"k":0},"o":{"a":0,"k":100},"sk":{"a":0,"k":0},"sa":{"a":0,"k":0},"nm":"Transform"}],"nm":"Group 1","bm":0,"hd":false}],"ip":0,"op":60.0000024438501,"st":0,"bm":0}],"markers":[]}